customerID,gender,SeniorCitizen,tenure,Contract,PaymentMethod,InternetService,TechSupport,OnlineSecurity,MonthlyCharges,TotalCharges,Churn
3292-PBZEJ,Male,1,11,Month-to-month,Electronic check,Fiber optic,Yes,No,111.4,1183.05,No
9851-KIELU,Male,0,10,Month-to-month,Electronic check,Fiber optic,Yes,Yes,110.1,1043.3,Yes
3992-YWPKO,Female,0,6,Month-to-month,Credit card (automatic),Fiber optic,Yes,No,109.9,669.45,Yes
5760-IFJOZ,Male,0,3,Month-to-month,Mailed check,Fiber optic,No,No,107.95,313.6,No
2081-VEYEH,Male,0,3,Month-to-month,Electronic check,Fiber optic,Yes,No,107.95,318.6,No
1400-MMYXY,Male,1,3,Month-to-month,Electronic check,Fiber optic,No,No,105.9,334.65,Yes
3389-YGYAI,Female,1,8,Month-to-month,Electronic check,Fiber optic,No,No,105.5,829.55,Yes
5052-PNLOS,Male,0,3,Month-to-month,Bank transfer (automatic),Fiber optic,No,No,105.35,323.25,Yes
6734-GMPVK,Male,0,5,Month-to-month,Electronic check,Fiber optic,No,No,105.3,550.6,No
4587-VVTOX,Female,0,6,Month-to-month,Electronic check,Fiber optic,No,No,105.3,545.2,Yes
6496-SLWHQ,Male,1,3,Month-to-month,Electronic check,Fiber optic,No,No,105.0,294.45,Yes
1875-QIVME,Female,0,2,Month-to-month,Electronic check,Fiber optic,Yes,No,104.4,242.8,Yes
5923-GXUOC,Male,0,10,Month-to-month,Electronic check,Fiber optic,No,Yes,104.4,1081.45,Yes
2369-UAPKZ,Male,0,5,Month-to-month,Mailed check,Fiber optic,No,No,104.1,541.9,Yes
5293-WXJAK,Female,1,11,Month-to-month,Bank transfer (automatic),Fiber optic,Yes,No,104.05,1133.65,Yes
7089-IVVAZ,Female,0,8,Month-to-month,Bank transfer (automatic),Fiber optic,Yes,Yes,103.35,847.3,Yes
2018-PZKMU,Male,0,9,Month-to-month,Electronic check,Fiber optic,Yes,No,103.1,970.45,No
9547-ITEFG,Male,0,9,Month-to-month,Credit card (automatic),Fiber optic,No,No,102.6,897.75,No
7181-BQYBV,Female,0,1,Month-to-month,Electronic check,Fiber optic,No,Yes,102.45,102.45,Yes
1465-VINDH,Female,0,10,Month-to-month,Credit card (automatic),Fiber optic,No,No,102.1,1068.85,Yes
6688-UZPWD,Female,0,11,Month-to-month,Electronic check,Fiber optic,No,No,102.0,1145.35,Yes
8884-ADFVN,Male,1,7,Month-to-month,Electronic check,Fiber optic,No,No,101.95,700.85,Yes
0702-PGIBZ,Male,0,4,Month-to-month,Electronic check,Fiber optic,No,No,101.7,364.55,Yes
5299-SJCZT,Male,0,3,Month-to-month,Bank transfer (automatic),Fiber optic,No,No,101.55,298.35,Yes
8118-TJAFG,Male,0,9,Month-to-month,Electronic check,Fiber optic,Yes,No,101.5,906.85,No
5419-JPRRN,Male,0,1,Month-to-month,Electronic check,Fiber optic,No,No,101.45,101.45,Yes
7234-FECYN,Female,1,8,Month-to-month,Electronic check,Fiber optic,No,No,101.35,780.5,Yes
0880-TKATG,Male,0,4,Month-to-month,Electronic check,Fiber optic,No,No,101.15,385.9,Yes
0302-JOIVN,Female,0,8,Month-to-month,Electronic check,Fiber optic,No,No,101.15,842.9,Yes
6023-YEBUP,Male,0,3,Month-to-month,Electronic check,Fiber optic,No,No,100.95,329.95,Yes
4132-KALRO,Female,0,4,Month-to-month,Mailed check,Fiber optic,Yes,No,100.85,399.25,No
6326-MTTXK,Male,0,8,Month-to-month,Electronic check,Fiber optic,No,No,100.85,819.55,Yes
7216-EWTRS,Female,1,1,Month-to-month,Electronic check,Fiber optic,No,No,100.8,100.8,Yes
4078-SAYYN,Female,0,11,Month-to-month,Electronic check,Fiber optic,No,No,100.75,1129.75,Yes
4822-RVYBB,Male,1,8,Month-to-month,Electronic check,Fiber optic,No,No,100.6,819.4,Yes
2968-SSGAA,Female,0,10,Month-to-month,Electronic check,Fiber optic,No,No,100.6,1060.2,Yes
9681-OXGVC,Female,0,5,Month-to-month,Electronic check,Fiber optic,No,No,100.5,514.0,Yes
0781-LKXBR,Male,1,9,Month-to-month,Electronic check,Fiber optic,No,No,100.5,918.6,Yes
0722-SVSFK,Female,0,7,Month-to-month,Electronic check,Fiber optic,Yes,No,100.4,715.0,No
9889-TMAHG,Male,1,8,Month-to-month,Credit card (automatic),Fiber optic,Yes,Yes,100.3,832.35,Yes
3178-FESZO,Female,0,1,Month-to-month,Credit card (automatic),Fiber optic,No,No,100.25,100.25,Yes
5299-RULOA,Female,0,10,Month-to-month,Electronic check,Fiber optic,No,Yes,100.25,1064.65,Yes
7379-FNIUJ,Male,0,2,Month-to-month,Electronic check,Fiber optic,No,Yes,100.2,198.5,No
2656-TABEH,Male,0,4,Month-to-month,Electronic check,Fiber optic,No,No,100.2,420.2,Yes
2754-SDJRD,Female,1,8,Month-to-month,Credit card (automatic),Fiber optic,Yes,No,100.15,908.55,No
3440-JPSCL,Female,0,6,Month-to-month,Mailed check,Fiber optic,Yes,No,99.95,547.65,Yes
8443-WVPSS,Male,0,10,Month-to-month,Electronic check,Fiber optic,Yes,No,99.85,990.9,Yes
5419-CONWX,Female,1,4,Month-to-month,Credit card (automatic),Fiber optic,No,No,99.8,442.85,Yes
3811-VBYBZ,Male,0,7,Month-to-month,Electronic check,Fiber optic,No,No,99.8,673.25,Yes
0107-YHINA,Male,0,1,Month-to-month,Electronic check,Fiber optic,No,No,99.75,99.75,Yes
9305-CDSKC,Female,0,8,Month-to-month,Electronic check,Fiber optic,No,No,99.65,820.5,Yes
2265-CYWIV,Female,1,4,Month-to-month,Electronic check,Fiber optic,No,Yes,99.6,347.65,Yes
2012-NWRPA,Female,1,11,Month-to-month,Electronic check,Fiber optic,No,No,99.55,1131.2,Yes
0897-FEGMU,Female,0,11,Month-to-month,Electronic check,Fiber optic,No,No,99.5,1056.95,Yes
6210-KBBPI,Male,1,9,Month-to-month,Credit card (automatic),Fiber optic,No,No,99.45,919.4,Yes
4445-ZJNMU,Male,0,9,Month-to-month,Credit card (automatic),Fiber optic,No,No,99.3,918.75,No
6861-XWTWQ,Male,1,7,Month-to-month,Electronic check,Fiber optic,No,No,99.25,665.45,Yes
4236-XPXAV,Female,0,5,Month-to-month,Mailed check,Fiber optic,Yes,No,99.15,465.05,Yes
6956-SMUCM,Female,0,3,Month-to-month,Credit card (automatic),Fiber optic,No,Yes,99.0,287.4,Yes
7938-OUHIO,Male,0,3,Month-to-month,Electronic check,Fiber optic,Yes,No,98.7,293.65,Yes
9172-ANCRX,Female,0,10,Month-to-month,Electronic check,Fiber optic,No,Yes,98.7,973.25,Yes
5138-WVKYJ,Male,0,10,Month-to-month,Electronic check,Fiber optic,No,Yes,98.55,1008.55,Yes
1450-GALXR,Female,0,10,Month-to-month,Electronic check,Fiber optic,Yes,No,98.5,1058.25,Yes
1455-UGQVH,Male,0,10,Month-to-month,Electronic check,Fiber optic,No,No,98.5,1037.75,Yes
9734-YWGEX,Female,0,9,Month-to-month,Credit card (automatic),Fiber optic,No,No,98.3,923.5,Yes
2446-BEGGB,Female,1,6,Month-to-month,Electronic check,Fiber optic,No,No,98.25,560.6,Yes
2506-CLAKW,Female,0,6,Month-to-month,Bank transfer (automatic),Fiber optic,Yes,Yes,98.15,567.45,Yes
7295-JOMMD,Female,0,4,Month-to-month,Bank transfer (automatic),Fiber optic,Yes,No,98.1,396.3,Yes
0655-RBDUG,Male,0,7,Month-to-month,Bank transfer (automatic),Fiber optic,No,No,98.05,713.0,Yes
6108-OQZDQ,Female,0,4,Month-to-month,Electronic check,Fiber optic,No,No,97.95,384.5,Yes
0329-GTIAJ,Female,0,3,Month-to-month,Electronic check,Fiber optic,Yes,No,97.9,315.3,Yes
8168-UQWWF,Female,0,11,Month-to-month,Bank transfer (automatic),Fiber optic,No,No,97.85,1105.4,Yes
6645-MXQJT,Male,0,2,Month-to-month,Electronic check,Fiber optic,No,Yes,97.1,184.15,No
9057-SIHCH,Female,0,3,Month-to-month,Electronic check,Fiber optic,No,No,96.6,291.9,Yes
4566-NECEV,Male,0,5,Month-to-month,Electronic check,Fiber optic,No,No,96.55,500.1,No
1010-DIAUQ,Male,0,5,Month-to-month,Bank transfer (automatic),Fiber optic,No,No,96.5,492.55,Yes
7548-SEPYI,Female,0,5,Month-to-month,Electronic check,Fiber optic,No,No,96.25,512.45,Yes
4060-LDNLU,Male,0,7,Month-to-month,Electronic check,Fiber optic,No,No,96.2,639.7,No
3737-GCSPV,Female,0,11,Month-to-month,Credit card (automatic),Fiber optic,Yes,Yes,96.2,1222.05,Yes
0306-JAELE,Male,0,5,Month-to-month,Electronic check,Fiber optic,Yes,No,96.1,453.4,Yes
3158-MOERK,Female,0,2,Month-to-month,Electronic check,Fiber optic,No,No,96.0,174.8,Yes
7426-RHZGU,Male,0,9,Month-to-month,Bank transfer (automatic),Fiber optic,Yes,No,95.9,827.45,No
1393-IMKZG,Female,0,1,Month-to-month,Electronic check,Fiber optic,Yes,No,95.85,95.85,No
0754-UKWQP,Male,0,2,Month-to-month,Electronic check,Fiber optic,No,No,95.85,197.7,Yes
3319-DWOEP,Male,1,6,Month-to-month,Electronic check,Fiber optic,No,No,95.75,573.75,Yes
6857-VWJDT,Female,0,1,Month-to-month,Mailed check,Fiber optic,No,No,95.65,95.65,Yes
8413-VONUO,Male,0,2,Month-to-month,Electronic check,Fiber optic,No,No,95.65,167.3,Yes
3585-ISXZP,Female,0,8,Month-to-month,Bank transfer (automatic),Fiber optic,No,No,95.65,778.1,Yes
6356-ELRKD,Female,0,1,Month-to-month,Electronic check,Fiber optic,No,Yes,95.6,95.6,Yes
3643-AHCFP,Male,1,7,Month-to-month,Bank transfer (automatic),Fiber optic,No,No,95.6,644.35,Yes
4929-XIHVW,Male,1,2,Month-to-month,Credit card (automatic),Fiber optic,No,No,95.5,181.65,No
0564-JJHGS,Male,0,9,Month-to-month,Electronic check,Fiber optic,No,No,95.5,829.1,Yes
0295-PPHDO,Male,0,1,Month-to-month,Electronic check,Fiber optic,No,No,95.45,95.45,Yes
8098-LLAZX,Female,1,4,Month-to-month,Electronic check,Fiber optic,No,No,95.45,396.1,Yes
2984-AFWNC,Female,0,3,Month-to-month,Electronic check,Fiber optic,No,No,95.4,293.15,No
8357-EQXFO,Female,0,7,Month-to-month,Electronic check,Fiber optic,No,No,95.35,660.9,Yes
2660-EMUBI,Male,1,10,Month-to-month,Electronic check,Fiber optic,No,No,95.35,898.35,Yes
1960-UYCNN,Male,0,10,Month-to-month,Electronic check,Fiber optic,No,No,95.25,1021.55,No
3049-SOLAY,Female,0,3,Month-to-month,Electronic check,Fiber optic,No,No,95.2,292.85,Yes
2754-VDLTR,Male,0,10,Month-to-month,Electronic check,Fiber optic,No,No,95.2,930.4,Yes
7851-WZEKY,Female,0,2,Month-to-month,Electronic check,Fiber optic,No,No,95.15,196.9,Yes
6328-ZPBGN,Female,1,11,Month-to-month,Bank transfer (automatic),Fiber optic,No,No,95.15,997.65,Yes
5178-LMXOP,Male,1,1,Month-to-month,Electronic check,Fiber optic,No,No,95.1,95.1,Yes
5649-ANRML,Male,1,2,Month-to-month,Credit card (automatic),Fiber optic,Yes,No,95.1,180.25,Yes
9944-HKVVB,Female,0,3,Month-to-month,Electronic check,Fiber optic,No,No,95.1,307.4,Yes
5183-SNMJQ,Male,0,10,Month-to-month,Credit card (automatic),Fiber optic,Yes,No,95.1,865.1,No
0684-AOSIH,Male,0,1,Month-to-month,Electronic check,Fiber optic,No,Yes,95.0,95.0,Yes
3874-EQOEP,Male,0,7,Month-to-month,Mailed check,Fiber optic,No,No,95.0,655.5,Yes
0094-OIFMO,Female,1,11,Month-to-month,Electronic check,Fiber optic,No,No,95.0,1120.3,Yes
5349-IECLD,Male,0,2,Month-to-month,Electronic check,Fiber optic,No,No,94.95,178.1,Yes
7398-SKNQZ,Female,0,3,Month-to-month,Electronic check,Fiber optic,No,No,94.9,273.2,No
9714-EDSUC,Male,0,4,Month-to-month,Mailed check,Fiber optic,Yes,Yes,94.9,360.55,No
7209-JCUDS,Male,0,10,Month-to-month,Electronic check,Fiber optic,No,No,94.9,1048.85,Yes
5150-ITWWB,Male,1,3,Month-to-month,Electronic check,Fiber optic,No,No,94.85,335.75,No
3387-VATUS,Male,0,5,Month-to-month,Bank transfer (automatic),Fiber optic,No,No,94.85,462.8,Yes
2344-JMOGN,Male,0,9,Month-to-month,Mailed check,Fiber optic,Yes,No,94.85,890.6,Yes
3045-XETSH,Female,0,10,Month-to-month,Electronic check,Fiber optic,No,No,94.85,953.45,Yes
6350-XFYGW,Male,1,4,Month-to-month,Electronic check,Fiber optic,No,No,94.75,422.4,No
5168-MSWXT,Male,0,8,Month-to-month,Electronic check,Fiber optic,No,No,94.75,759.55,No
7943-RQCHR,Female,0,9,Month-to-month,Electronic check,Fiber optic,No,No,94.75,889.9,Yes
6502-HCJTI,Male,1,7,Month-to-month,Credit card (automatic),Fiber optic,No,Yes,94.7,673.1,Yes
0325-XBFAC,Male,0,8,Month-to-month,Electronic check,Fiber optic,No,No,94.7,740.3,Yes
4910-GMJOT,Female,0,1,Month-to-month,Electronic check,Fiber optic,No,No,94.6,94.6,Yes
5567-WSELE,Male,1,3,Month-to-month,Electronic check,Fiber optic,No,No,94.6,279.55,Yes
6101-IMRMM,Male,0,6,Month-to-month,Mailed check,Fiber optic,No,No,94.5,575.45,Yes
4192-GORJT,Male,0,5,Month-to-month,Electronic check,Fiber optic,No,No,94.45,498.1,Yes
3217-FZDMN,Female,1,8,Month-to-month,Credit card (automatic),Fiber optic,No,No,94.45,742.95,Yes
9223-UCPVT,Female,0,1,Month-to-month,Electronic check,Fiber optic,No,No,94.4,94.4,Yes
9763-PDTKK,Female,0,4,Month-to-month,Bank transfer (automatic),Fiber optic,Yes,Yes,94.4,387.2,Yes
5698-BQJOH,Female,0,9,Month-to-month,Electronic check,Fiber optic,No,No,94.4,857.25,Yes
1374-DMZUI,Female,1,4,Month-to-month,Electronic check,Fiber optic,No,No,94.3,424.45,Yes
2645-QTLMB,Male,0,7,Month-to-month,Electronic check,Fiber optic,No,No,94.25,669.0,Yes
7218-HKQFK,Male,0,2,Month-to-month,Electronic check,Fiber optic,Yes,No,94.2,167.5,Yes
3006-XIMLN,Female,0,2,Month-to-month,Bank transfer (automatic),Fiber optic,No,No,94.2,193.8,Yes
2929-ERCFZ,Female,0,8,Month-to-month,Electronic check,Fiber optic,No,No,94.2,777.3,Yes
9093-FPDLG,Female,0,11,Month-to-month,Electronic check,Fiber optic,Yes,No,94.2,999.9,No
8161-QYMTT,Male,0,7,Month-to-month,Electronic check,Fiber optic,No,No,94.1,701.3,No
6137-NICCO,Female,0,6,Month-to-month,Mailed check,Fiber optic,No,No,94.05,518.75,No
8087-LGYHQ,Male,0,9,Month-to-month,Electronic check,Fiber optic,No,No,94.05,811.65,No
9300-AGZNL,Male,1,1,Month-to-month,Electronic check,Fiber optic,No,No,94.0,94.0,Yes
2720-WGKHP,Male,1,2,Month-to-month,Electronic check,Fiber optic,No,No,94.0,181.7,Yes
1567-DSCIC,Male,0,8,Month-to-month,Electronic check,Fiber optic,No,No,94.0,773.65,Yes
2982-VPSGI,Female,0,11,Month-to-month,Electronic check,Fiber optic,No,No,94.0,1078.9,Yes
5380-AFSSK,Female,0,5,Month-to-month,Mailed check,Fiber optic,No,No,93.9,486.85,Yes
8149-RSOUN,Female,0,1,Month-to-month,Electronic check,Fiber optic,No,No,93.85,93.85,Yes
7024-OHCCK,Female,1,2,Month-to-month,Electronic check,Fiber optic,No,No,93.85,170.85,Yes
4424-TKOPW,Male,1,2,Month-to-month,Electronic check,Fiber optic,No,No,93.85,196.75,Yes
4626-GYCZP,Male,0,7,Month-to-month,Electronic check,Fiber optic,No,No,93.85,635.6,Yes
9497-QCMMS,Male,1,1,Month-to-month,Electronic check,Fiber optic,No,No,93.55,93.55,Yes
9025-AOMKI,Female,0,6,Month-to-month,Bank transfer (automatic),Fiber optic,No,No,93.55,536.4,Yes
1731-TVIUK,Female,0,4,Month-to-month,Electronic check,Fiber optic,Yes,No,93.5,362.2,Yes
6521-YYTYI,Male,0,1,Month-to-month,Electronic check,Fiber optic,No,No,93.3,93.3,Yes
5141-ZUVBH,Female,0,9,Month-to-month,Bank transfer (automatic),Fiber optic,Yes,Yes,93.0,870.25,No
2462-XIIJB,Male,0,5,Month-to-month,Electronic check,Fiber optic,No,No,92.5,452.7,Yes
5747-PMBSQ,Male,1,10,Month-to-month,Mailed check,Fiber optic,Yes,No,92.5,934.1,Yes
4145-UQXUQ,Female,1,8,Month-to-month,Electronic check,Fiber optic,No,No,92.1,729.95,Yes
3318-NMQXL,Male,0,3,Month-to-month,Electronic check,Fiber optic,No,No,92.0,266.8,No
5442-UTCVD,Male,0,3,Month-to-month,Electronic check,Fiber optic,No,No,91.85,257.05,Yes
9940-HPQPG,Female,0,9,Month-to-month,Bank transfer (automatic),Fiber optic,No,Yes,91.75,865.8,Yes
3186-BAXNB,Female,0,1,Month-to-month,Electronic check,Fiber optic,Yes,No,91.7,91.7,Yes
6892-EZDTG,Female,0,4,Month-to-month,Electronic check,Fiber optic,No,No,91.65,365.4,Yes
5095-AESKG,Female,0,3,Month-to-month,Credit card (automatic),Fiber optic,No,No,91.5,242.95,Yes
4927-WWOOZ,Male,0,2,Month-to-month,Electronic check,Fiber optic,No,No,91.45,171.45,No
9546-CQJSU,Female,0,2,Month-to-month,Electronic check,Fiber optic,No,No,91.4,193.6,Yes
8414-MYSHR,Male,1,5,Month-to-month,Electronic check,Fiber optic,No,No,91.4,449.75,Yes
3988-RQIXO,Female,1,1,Month-to-month,Electronic check,Fiber optic,No,No,91.3,91.3,Yes
5091-HFAZW,Female,0,2,Month-to-month,Electronic check,Fiber optic,No,Yes,91.15,168.5,No
2672-HUYVI,Female,0,6,Month-to-month,Electronic check,Fiber optic,No,No,91.1,455.3,Yes
6818-DJXAA,Female,0,10,Month-to-month,Electronic check,Fiber optic,Yes,No,91.1,964.35,No
1389-CXMLU,Male,1,3,Month-to-month,Electronic check,Fiber optic,No,No,91.05,289.1,Yes
2472-OVKUP,Male,0,6,Month-to-month,Electronic check,Fiber optic,No,No,91.0,531.0,Yes
5167-ZFFMM,Male,0,1,Month-to-month,Credit card (automatic),Fiber optic,No,No,90.85,90.85,Yes
9725-SCPZG,Male,0,1,Month-to-month,Electronic check,Fiber optic,No,No,90.85,90.85,Yes
7330-WZLNC,Female,0,5,Month-to-month,Electronic check,Fiber optic,No,No,90.8,455.5,Yes
9846-GKXAS,Female,0,9,Month-to-month,Bank transfer (automatic),Fiber optic,No,No,90.8,809.75,Yes
2725-KXXWT,Male,0,1,Month-to-month,Electronic check,Fiber optic,No,No,90.75,90.75,Yes
4137-BTIKL,Male,0,2,Month-to-month,Mailed check,Fiber optic,No,Yes,90.75,174.75,No
8622-ZLFKO,Female,0,6,Month-to-month,Electronic check,Fiber optic,No,No,90.75,512.25,No
0432-CAJZV,Male,0,3,Month-to-month,Mailed check,Fiber optic,No,No,90.7,237.65,No
5339-PXDVH,Male,0,4,Month-to-month,Electronic check,Fiber optic,No,Yes,90.65,367.95,No
5797-APWZC,Female,0,1,Month-to-month,Electronic check,Fiber optic,No,No,90.6,90.6,Yes
8775-LHDJH,Female,1,1,Month-to-month,Electronic check,Fiber optic,No,No,90.6,90.6,Yes
7928-VJYAB,Male,0,11,Month-to-month,Electronic check,Fiber optic,No,No,90.6,1020.2,No
7294-TMAOP,Female,0,1,Month-to-month,Electronic check,Fiber optic,No,No,90.55,90.55,Yes
7274-RTAPZ,Male,0,1,Month-to-month,Electronic check,Fiber optic,No,No,90.55,90.55,Yes
1579-KLYDT,Male,0,7,Month-to-month,Electronic check,Fiber optic,No,No,90.45,593.45,Yes
2034-GDRCN,Female,0,2,Month-to-month,Electronic check,Fiber optic,No,No,90.4,168.2,Yes
0258-NOKBL,Male,0,3,Month-to-month,Electronic check,Fiber optic,No,No,90.4,268.45,No
8266-VBFQL,Male,0,4,Month-to-month,Electronic check,Fiber optic,Yes,No,90.4,356.65,No
0139-IVFJG,Female,0,2,Month-to-month,Electronic check,Fiber optic,No,Yes,90.35,190.5,No
8212-DJRCH,Male,0,5,Month-to-month,Mailed check,Fiber optic,No,Yes,90.35,434.5,No
4813-HQMGZ,Female,0,8,Month-to-month,Electronic check,Fiber optic,Yes,No,90.25,743.75,No
7321-PKUYW,Female,0,11,Month-to-month,Electronic check,Fiber optic,Yes,No,90.15,987.95,Yes
1941-HOSAM,Male,0,1,Month-to-month,Electronic check,Fiber optic,No,No,90.1,90.1,No
8780-IXSTS,Female,0,6,Month-to-month,Electronic check,Fiber optic,No,No,90.1,521.3,Yes
6969-MVBAI,Female,1,9,Month-to-month,Electronic check,Fiber optic,No,No,90.1,816.8,No
4228-ZGYUW,Male,0,4,Month-to-month,Electronic check,Fiber optic,No,No,90.05,368.1,Yes
3703-VAVCL,Male,0,2,Month-to-month,Credit card (automatic),Fiber optic,Yes,No,90.0,190.05,Yes
3027-ZTDHO,Male,0,1,Month-to-month,Electronic check,Fiber optic,No,No,89.9,89.9,Yes
3071-VBYPO,Male,0,3,Month-to-month,Electronic check,Fiber optic,No,Yes,89.85,248.4,No
7952-OBOYL,Male,0,3,Month-to-month,Mailed check,Fiber optic,Yes,No,89.85,244.45,No
1624-NALOJ,Male,1,5,Month-to-month,Electronic check,Fiber optic,No,No,89.8,502.6,Yes
8337-UPOAQ,Male,1,10,Month-to-month,Electronic check,Fiber optic,No,No,89.8,914.3,Yes
3462-BJQQA,Female,0,6,Month-to-month,Electronic check,Fiber optic,No,No,89.75,552.65,No
1522-VVDMG,Male,0,7,Month-to-month,Electronic check,Fiber optic,Yes,No,89.75,608.8,Yes
8999-BOHSE,Female,1,11,Month-to-month,Bank transfer (automatic),Fiber optic,No,No,89.7,1047.7,Yes
9565-DJPIB,Female,0,4,Month-to-month,Mailed check,Fiber optic,No,No,89.6,365.65,Yes
0970-ETWGE,Male,0,1,Month-to-month,Electronic check,Fiber optic,No,No,89.55,89.55,Yes
2074-GKOWZ,Male,0,2,Month-to-month,Bank transfer (automatic),Fiber optic,No,No,89.55,185.55,Yes
5644-PDMZC,Female,1,2,Month-to-month,Electronic check,Fiber optic,No,No,89.5,161.5,Yes
1724-BQUHA,Male,1,5,Month-to-month,Electronic check,Fiber optic,No,No,89.5,477.7,Yes
2990-HWIML,Female,0,6,Month-to-month,Electronic check,Fiber optic,No,No,89.5,573.3,Yes
9134-CEQMF,Male,1,7,Month-to-month,Electronic check,Fiber optic,No,No,89.5,676.7,Yes
4112-LUEIZ,Male,0,10,Month-to-month,Electronic check,Fiber optic,No,No,89.5,863.1,Yes
9611-CTWIH,Female,0,3,Month-to-month,Electronic check,Fiber optic,No,No,89.45,240.45,Yes
7394-FKDNK,Female,0,9,Month-to-month,Electronic check,Fiber optic,No,No,89.45,853.1,Yes
4273-MBHYA,Female,0,1,Month-to-month,Electronic check,Fiber optic,No,No,89.35,89.35,No
8481-YYXWG,Female,0,5,Month-to-month,Electronic check,Fiber optic,Yes,No,89.35,461.7,Yes
4847-TAJYI,Female,1,6,Month-to-month,Electronic check,Fiber optic,No,No,89.35,567.8,No
7479-NITWS,Male,0,7,Month-to-month,Credit card (automatic),Fiber optic,No,No,89.35,631.85,Yes
1415-YFWLT,Female,1,1,Month-to-month,Electronic check,Fiber optic,No,No,89.3,89.3,Yes
0345-HKJVM,Female,0,6,Month-to-month,Electronic check,Fiber optic,No,No,89.3,577.6,Yes
7577-SWIFR,Male,0,1,Month-to-month,Electronic check,Fiber optic,No,No,89.25,89.25,No
8035-PWSEV,Female,0,6,Month-to-month,Electronic check,Fiber optic,Yes,No,89.25,487.05,No
2865-TCHJW,Female,1,4,Month-to-month,Electronic check,Fiber optic,No,No,89.2,346.2,Yes
1173-XZPYF,Female,0,11,Month-to-month,Electronic check,Fiber optic,No,No,89.2,990.3,No
3801-HMYNL,Male,0,1,Month-to-month,Mailed check,Fiber optic,No,No,89.15,89.15,Yes
4853-OITSN,Male,0,5,Month-to-month,Electronic check,Fiber optic,No,Yes,89.15,413.25,No
4115-NZRKS,Female,1,7,Month-to-month,Electronic check,Fiber optic,No,No,89.15,574.35,No
1455-ESIQH,Male,0,1,Month-to-month,Electronic check,Fiber optic,No,No,89.1,89.1,Yes
0187-QSXOE,Male,1,7,Month-to-month,Electronic check,Fiber optic,No,No,89.0,605.45,No
4951-UKAAQ,Female,0,4,Month-to-month,Electronic check,Fiber optic,No,No,88.95,355.2,Yes
5842-POCOP,Female,0,5,Month-to-month,Mailed check,Fiber optic,No,Yes,88.9,454.15,Yes
1273-MTETI,Female,1,4,Month-to-month,Electronic check,Fiber optic,No,No,88.85,372.45,Yes
2657-VPXTA,Female,0,10,Month-to-month,Electronic check,Fiber optic,No,No,88.85,929.45,No
3068-OMWZA,Male,1,1,Month-to-month,Electronic check,Fiber optic,No,No,88.8,88.8,Yes
4695-WJZUE,Female,1,2,Month-to-month,Electronic check,Fiber optic,No,No,88.55,179.25,Yes
7228-OMTPN,Male,0,4,Month-to-month,Electronic check,Fiber optic,No,No,88.45,370.65,Yes
4633-MKHYU,Female,0,9,Month-to-month,Mailed check,Fiber optic,No,No,88.4,788.6,No
3722-WPXTK,Male,0,1,Month-to-month,Electronic check,Fiber optic,No,No,88.35,88.35,Yes
0772-GYEQQ,Male,0,3,Month-to-month,Mailed check,Fiber optic,Yes,No,88.35,262.05,Yes
4184-TJFAN,Female,1,3,Month-to-month,Mailed check,Fiber optic,Yes,Yes,88.3,273.75,Yes
4123-DVHPH,Male,0,9,Month-to-month,Electronic check,Fiber optic,No,Yes,88.05,801.3,No
9741-YLNTD,Male,0,6,Month-to-month,Bank transfer (automatic),Fiber optic,Yes,No,87.95,522.35,No
5318-IXUZF,Female,0,2,Month-to-month,Bank transfer (automatic),Fiber optic,No,No,87.15,183.75,Yes
9430-FRQOC,Female,0,4,Month-to-month,Mailed check,Fiber optic,Yes,No,87.1,341.45,Yes
4884-ZTHVF,Female,1,8,Month-to-month,Electronic check,Fiber optic,No,No,87.1,713.6,No
6979-ZNSFF,Female,0,8,Month-to-month,Electronic check,Fiber optic,No,No,87.05,762.1,Yes
3097-NQYSN,Male,1,2,Month-to-month,Mailed check,Fiber optic,No,No,86.85,156.35,Yes
4140-MUHUG,Female,1,3,Month-to-month,Electronic check,Fiber optic,No,No,86.85,220.95,Yes
9451-LPGOO,Male,0,7,Month-to-month,Electronic check,Fiber optic,No,No,86.8,620.35,Yes
7779-LGOVN,Male,1,10,Month-to-month,Electronic check,Fiber optic,No,No,86.65,856.65,Yes
8603-IJWDN,Male,0,1,Month-to-month,Electronic check,Fiber optic,No,No,86.6,86.6,Yes
5229-PRWKT,Male,0,8,Month-to-month,Electronic check,Fiber optic,No,No,86.55,649.65,Yes
1925-TIBLE,Female,0,7,Month-to-month,Electronic check,Fiber optic,No,No,86.5,582.5,Yes
8861-HGGKB,Female,0,10,Month-to-month,Electronic check,Fiber optic,No,No,86.45,830.85,Yes
0133-BMFZO,Female,0,2,Month-to-month,Electronic check,Fiber optic,Yes,Yes,86.25,181.65,Yes
4285-GYRQC,Female,0,7,Month-to-month,Electronic check,Fiber optic,No,No,86.25,587.1,Yes
3914-FDRHP,Male,0,9,Month-to-month,Electronic check,Fiber optic,Yes,No,86.25,770.5,No
6275-YDUVO,Female,0,2,Month-to-month,Mailed check,Fiber optic,No,No,86.2,178.7,Yes
3797-FKOGQ,Male,0,11,Month-to-month,Electronic check,Fiber optic,No,No,86.2,893.2,No
4826-XTSOH,Male,1,1,Month-to-month,Electronic check,Fiber optic,No,No,86.05,86.05,Yes
1212-GLHMD,Male,0,3,Month-to-month,Mailed check,Fiber optic,No,Yes,86.05,244.85,No
2038-OEQZH,Male,0,4,Month-to-month,Electronic check,Fiber optic,No,No,86.05,308.1,No
1342-JPNKI,Male,0,10,Month-to-month,Bank transfer (automatic),Fiber optic,No,No,86.05,834.1,Yes
4844-JJWUY,Female,1,1,Month-to-month,Electronic check,Fiber optic,No,No,86.0,86.0,Yes
6474-FVJLC,Male,0,2,Month-to-month,Electronic check,Fiber optic,No,No,86.0,165.45,Yes
4952-YSOGZ,Female,0,4,Month-to-month,Electronic check,Fiber optic,No,No,85.95,381.3,Yes
8132-YPVBX,Female,0,6,Month-to-month,Mailed check,Fiber optic,No,No,85.95,514.6,No
8734-DKSTZ,Female,0,10,Month-to-month,Electronic check,Fiber optic,No,No,85.95,858.6,No
0220-EBGCE,Male,0,2,Month-to-month,Electronic check,Fiber optic,No,No,85.85,167.3,Yes
3049-NDXFL,Female,0,1,Month-to-month,Mailed check,Fiber optic,No,No,85.8,85.8,Yes
0378-TOVMS,Female,0,3,Month-to-month,Electronic check,Fiber optic,Yes,No,85.8,272.2,Yes
4439-JMPMT,Female,0,5,Month-to-month,Electronic check,Fiber optic,Yes,No,85.75,470.95,Yes
5192-EBGOV,Female,1,1,Month-to-month,Electronic check,Fiber optic,No,No,85.7,85.7,Yes
1143-NMNQJ,Female,0,2,Month-to-month,Electronic check,Fiber optic,No,No,85.7,169.8,Yes
3916-NRPAP,Male,0,3,Month-to-month,Credit card (automatic),Fiber optic,No,No,85.7,256.75,No
0259-GBZSH,Male,0,2,Month-to-month,Electronic check,Fiber optic,No,No,85.65,181.5,Yes
7488-MXJIV,Female,0,4,Month-to-month,Electronic check,Fiber optic,No,No,85.65,321.65,Yes
0697-ZMSWS,Male,0,4,Month-to-month,Electronic check,Fiber optic,No,No,85.65,338.9,Yes
7994-UYIVZ,Male,0,8,Month-to-month,Bank transfer (automatic),Fiber optic,No,No,85.65,659.45,No
7249-WBIYX,Male,0,10,Month-to-month,Electronic check,Fiber optic,No,No,85.6,813.85,Yes
0235-KGSLC,Female,0,1,Month-to-month,Credit card (automatic),Fiber optic,No,No,85.55,85.55,Yes
5277-ZLOOR,Female,1,2,Month-to-month,Electronic check,Fiber optic,No,No,85.55,187.45,Yes
4395-PZMSN,Male,1,5,Month-to-month,Electronic check,Fiber optic,No,No,85.55,408.5,No
3247-ZVOUO,Male,1,10,Month-to-month,Electronic check,Fiber optic,No,No,85.55,851.75,Yes
2215-ZAFGX,Male,0,9,Month-to-month,Electronic check,Fiber optic,No,No,85.5,791.7,No
9124-LHCJQ,Female,0,1,Month-to-month,Mailed check,Fiber optic,No,No,85.45,85.45,Yes
5597-GLBUC,Female,0,1,Month-to-month,Electronic check,Fiber optic,No,No,85.45,85.45,Yes
6432-TWQLB,Male,0,5,Month-to-month,Electronic check,Fiber optic,Yes,No,85.4,401.1,Yes
0876-WDUUZ,Female,0,5,Month-to-month,Credit card (automatic),Fiber optic,Yes,No,85.4,425.9,Yes
3138-BKYAV,Male,0,6,Month-to-month,Electronic check,Fiber optic,No,No,85.35,489.45,Yes
2691-NZETQ,Male,0,9,Month-to-month,Electronic check,Fiber optic,No,No,85.35,758.6,Yes
5569-KGJHX,Female,0,9,Month-to-month,Bank transfer (automatic),Fiber optic,No,No,85.35,754.65,Yes
8593-WHYHV,Male,0,3,Month-to-month,Electronic check,Fiber optic,No,No,85.3,264.8,Yes
2952-QAYZF,Male,0,5,Month-to-month,Electronic check,Fiber optic,No,No,85.3,424.15,Yes
2135-DQWAQ,Female,0,5,Month-to-month,Mailed check,Fiber optic,No,No,85.3,420.45,No
2959-FENLU,Female,0,9,Month-to-month,Credit card (automatic),Fiber optic,No,No,85.3,781.4,No
0195-IESCP,Male,0,10,Month-to-month,Electronic check,Fiber optic,No,No,85.25,855.3,Yes
4548-SDBKE,Female,0,5,Month-to-month,Electronic check,Fiber optic,No,No,85.2,474.8,Yes
3834-XUIFC,Male,0,7,Month-to-month,Mailed check,Fiber optic,No,No,85.2,602.55,Yes
3106-ULWFW,Female,0,8,Month-to-month,Credit card (automatic),Fiber optic,No,No,85.2,627.4,Yes
1200-TUZHR,Female,1,8,Month-to-month,Electronic check,Fiber optic,No,No,85.2,695.75,No
4369-HTUIF,Male,1,6,Month-to-month,Bank transfer (automatic),Fiber optic,No,Yes,85.15,503.6,Yes
1069-XAIEM,Female,1,1,Month-to-month,Electronic check,Fiber optic,No,No,85.05,85.05,Yes
2642-DTVCO,Male,1,9,Month-to-month,Electronic check,Fiber optic,No,No,85.05,746.5,Yes
9282-IZGQK,Female,0,1,Month-to-month,Electronic check,Fiber optic,No,No,85.0,85.0,Yes
1628-BIZYP,Male,0,1,Month-to-month,Electronic check,Fiber optic,No,No,85.0,85.0,No
6230-BSUXY,Female,1,1,Month-to-month,Electronic check,Fiber optic,No,No,85.0,85.0,Yes
8837-VVWLQ,Female,0,8,Month-to-month,Electronic check,Fiber optic,No,Yes,84.95,668.4,Yes
8382-SHQEH,Female,0,8,Month-to-month,Electronic check,Fiber optic,No,No,84.9,764.95,Yes
2202-CUYXZ,Male,0,1,Month-to-month,Electronic check,Fiber optic,No,No,84.85,84.85,Yes
6060-DRTNL,Female,1,5,Month-to-month,Mailed check,Fiber optic,No,No,84.85,415.55,Yes
2379-ENZGV,Male,0,6,Month-to-month,Electronic check,Fiber optic,No,No,84.85,523.5,Yes
6877-TJMBR,Male,0,1,Month-to-month,Electronic check,Fiber optic,Yes,No,84.8,84.8,Yes
0219-YTZUE,Male,0,4,Month-to-month,Bank transfer (automatic),Fiber optic,No,No,84.8,371.9,Yes
2205-YMZZJ,Male,1,7,Month-to-month,Electronic check,Fiber optic,No,No,84.8,546.95,Yes
0315-LVCRK,Male,0,11,Month-to-month,Electronic check,Fiber optic,No,No,84.8,888.75,No
4706-AXVKM,Female,1,11,Month-to-month,Credit card (automatic),Fiber optic,No,No,84.8,906.85,Yes
3198-VELRD,Female,0,3,Month-to-month,Bank transfer (automatic),Fiber optic,No,No,84.75,264.85,Yes
8242-SOQUO,Female,1,5,Month-to-month,Electronic check,Fiber optic,No,No,84.7,392.5,No
1624-WOIWJ,Female,0,10,Month-to-month,Mailed check,Fiber optic,No,Yes,84.7,832.05,Yes
7503-ZGUZJ,Male,0,1,Month-to-month,Mailed check,Fiber optic,No,No,84.65,84.65,Yes
8937-RDTHP,Male,0,1,Month-to-month,Mailed check,Fiber optic,No,Yes,84.6,84.6,Yes
4912-PIGUY,Female,0,1,Month-to-month,Electronic check,Fiber optic,No,No,84.6,84.6,No
4750-ZRXIU,Female,1,4,Month-to-month,Electronic check,Fiber optic,No,No,84.6,360.1,Yes
0875-CABNR,Female,1,10,Month-to-month,Credit card (automatic),Fiber optic,No,No,84.6,865.55,Yes
8972-HJWNV,Female,1,7,Month-to-month,Electronic check,Fiber optic,No,No,84.55,646.85,Yes
7120-RFMVS,Male,0,1,Month-to-month,Electronic check,Fiber optic,No,No,84.5,84.5,Yes
4919-IKATY,Male,0,5,Month-to-month,Electronic check,Fiber optic,No,Yes,84.5,453.75,Yes
9367-WXLCH,Male,0,8,Month-to-month,Bank transfer (automatic),Fiber optic,No,No,84.5,662.65,Yes
8058-JMEQO,Female,1,9,Month-to-month,Electronic check,Fiber optic,No,No,84.45,762.5,Yes
7005-CCBKV,Male,0,6,Month-to-month,Electronic check,Fiber optic,No,No,84.4,556.35,Yes
5357-TZHPP,Male,1,9,Month-to-month,Credit card (automatic),Fiber optic,No,No,84.4,732.5,Yes
0196-VULGZ,Female,1,6,Month-to-month,Electronic check,Fiber optic,No,No,84.35,474.9,Yes
2123-AGEEN,Female,1,7,Month-to-month,Electronic check,Fiber optic,No,No,84.35,609.65,No
2013-SGDXK,Female,0,1,Month-to-month,Electronic check,Fiber optic,No,No,84.3,84.3,Yes
0225-ZORZP,Male,0,3,Month-to-month,Electronic check,Fiber optic,No,No,84.3,235.05,No
5868-YWPDW,Male,1,6,Month-to-month,Electronic check,Fiber optic,No,No,84.2,519.15,Yes
2545-EBUPK,Female,1,2,Month-to-month,Electronic check,Fiber optic,No,No,84.05,186.05,No
3489-HHPFY,Female,0,2,Month-to-month,Electronic check,Fiber optic,No,No,84.05,134.05,No
1565-RHDJD,Female,0,4,Month-to-month,Bank transfer (automatic),Fiber optic,No,No,84.05,333.55,Yes
8739-XNIKG,Female,0,5,Month-to-month,Electronic check,Fiber optic,No,No,84.0,424.75,No
5383-MMTWC,Female,1,8,Month-to-month,Electronic check,Fiber optic,No,No,84.0,613.4,Yes
0013-EXCHZ,Female,1,3,Month-to-month,Mailed check,Fiber optic,Yes,No,83.9,267.4,Yes
3908-BLSYF,Female,0,6,Month-to-month,Electronic check,Fiber optic,No,No,83.9,497.55,Yes
9965-YOKZB,Male,1,9,Month-to-month,Electronic check,Fiber optic,No,No,83.85,790.15,Yes
6407-UTSLV,Female,1,2,Month-to-month,Bank transfer (automatic),Fiber optic,No,No,83.8,163.7,No
0923-PNFUB,Female,0,3,Month-to-month,Electronic check,Fiber optic,No,No,83.75,247.25,Yes
5685-IIXLY,Female,0,5,Month-to-month,Electronic check,Fiber optic,No,No,83.6,404.2,Yes
8417-FMLZI,Male,0,6,Month-to-month,Credit card (automatic),Fiber optic,No,No,83.55,477.55,Yes
5949-XIKAE,Female,0,8,Month-to-month,Electronic check,Fiber optic,No,No,83.55,680.05,Yes
2792-LSHWX,Female,0,1,Month-to-month,Mailed check,Fiber optic,Yes,Yes,83.4,83.4,No
8931-GJJIQ,Female,0,9,Month-to-month,Electronic check,Fiber optic,No,No,83.3,803.3,Yes
6630-UJZMY,Female,1,4,Month-to-month,Electronic check,Fiber optic,No,No,83.25,308.05,No
6015-VVHHE,Female,1,5,Month-to-month,Credit card (automatic),Fiber optic,No,No,83.15,446.05,Yes
5701-YVSVF,Female,1,11,Month-to-month,Electronic check,Fiber optic,Yes,No,82.9,880.05,No
8714-CTZJW,Female,0,4,Month-to-month,Credit card (automatic),Fiber optic,No,No,82.85,319.6,No
3727-RJMEO,Male,0,6,Month-to-month,Electronic check,Fiber optic,No,No,82.85,460.25,Yes
6435-SRWBJ,Female,0,5,Month-to-month,Electronic check,Fiber optic,Yes,No,82.75,417.75,No
0742-NXBGR,Female,0,1,Month-to-month,Electronic check,Fiber optic,No,No,82.3,82.3,Yes
0641-EVBOJ,Male,0,3,Month-to-month,Mailed check,Fiber optic,Yes,Yes,82.3,214.4,No
7314-OXENN,Male,0,2,Month-to-month,Electronic check,Fiber optic,No,No,82.0,184.65,Yes
2004-OCQXK,Female,0,1,Month-to-month,Electronic check,Fiber optic,No,No,81.95,81.95,Yes
6772-KSATR,Male,0,1,Month-to-month,Electronic check,Fiber optic,No,Yes,81.7,81.7,Yes
9050-IKDZA,Female,1,2,Month-to-month,Mailed check,Fiber optic,No,No,81.5,162.55,No
0334-GDDSO,Male,1,3,Month-to-month,Electronic check,Fiber optic,No,No,81.35,233.7,Yes
4143-OOBWZ,Male,0,5,Month-to-month,Electronic check,Fiber optic,No,No,81.3,416.3,Yes
4646-QZXTF,Female,0,7,Month-to-month,Bank transfer (automatic),DSL,Yes,Yes,81.25,580.1,No
8808-ELEHO,Male,1,8,Month-to-month,Electronic check,Fiber optic,No,No,81.25,585.95,Yes
4299-SIMNS,Male,0,9,Month-to-month,Electronic check,Fiber optic,No,Yes,81.15,784.45,No
4614-NUVZD,Female,0,1,Month-to-month,Electronic check,Fiber optic,No,No,81.1,81.1,Yes
5445-UTODQ,Female,0,7,Month-to-month,Electronic check,Fiber optic,No,No,81.1,576.65,Yes
2018-QKYGT,Male,0,1,Month-to-month,Electronic check,Fiber optic,No,No,81.05,81.05,No
2612-RRIDN,Male,0,4,Month-to-month,Electronic check,Fiber optic,No,No,81.0,340.85,Yes
4795-KTRTH,Female,1,5,Month-to-month,Electronic check,Fiber optic,No,No,81.0,371.65,Yes
9095-HFAFX,Female,0,5,Month-to-month,Credit card (automatic),Fiber optic,No,No,81.0,389.6,Yes
4817-QRJSX,Female,0,10,Month-to-month,Credit card (automatic),Fiber optic,No,No,81.0,818.05,Yes
9878-TNQGW,Male,0,2,Month-to-month,Electronic check,Fiber optic,No,No,80.95,171.15,Yes
5275-SQEIZ,Male,0,1,Month-to-month,Mailed check,Fiber optic,No,No,80.85,80.85,Yes
5729-KLZAR,Female,0,4,Month-to-month,Electronic check,Fiber optic,No,No,80.85,302.75,Yes
6786-OBWQR,Female,0,5,Month-to-month,Electronic check,Fiber optic,No,No,80.85,356.1,No
1704-NRWYE,Female,1,9,Month-to-month,Electronic check,Fiber optic,No,No,80.85,751.65,Yes
6457-USBER,Male,0,1,Month-to-month,Electronic check,Fiber optic,No,No,80.8,80.8,Yes
2951-QOQTK,Male,0,4,Month-to-month,Credit card (automatic),Fiber optic,Yes,No,80.8,332.45,Yes
9957-YODKZ,Male,1,6,Month-to-month,Electronic check,Fiber optic,No,No,80.8,457.1,No
6000-APYLU,Male,0,9,Month-to-month,Electronic check,Fiber optic,No,No,80.8,713.1,Yes
8183-ONMXC,Female,0,2,Month-to-month,Electronic check,Fiber optic,No,No,80.75,159.45,Yes
3191-CSNMG,Female,0,3,Month-to-month,Electronic check,Fiber optic,No,No,80.7,239.45,No
6458-CYIDZ,Female,1,5,Month-to-month,Electronic check,Fiber optic,No,Yes,80.7,374.8,No
0940-OUQEC,Male,0,10,Month-to-month,Bank transfer (automatic),Fiber optic,No,No,80.7,788.8,Yes
7760-OYPDY,Female,0,2,Month-to-month,Electronic check,Fiber optic,No,No,80.65,144.15,Yes
7495-OOKFY,Female,1,8,Month-to-month,Credit card (automatic),Fiber optic,No,No,80.65,633.3,Yes
2868-SNELZ,Female,0,2,Month-to-month,Mailed check,Fiber optic,No,No,80.6,155.8,Yes
3671-SHRSP,Male,0,4,Month-to-month,Mailed check,Fiber optic,Yes,No,80.6,319.15,Yes
7563-BIUPC,Male,0,5,Month-to-month,Electronic check,Fiber optic,No,No,80.6,415.55,Yes
7439-DKZTW,Male,0,1,Month-to-month,Electronic check,Fiber optic,No,No,80.55,80.55,No
0318-QUUOB,Male,0,1,Month-to-month,Electronic check,Fiber optic,No,No,80.55,80.55,Yes
2737-YNGYW,Female,0,2,Month-to-month,Electronic check,Fiber optic,No,No,80.55,184.1,Yes
3130-ICDUP,Female,0,2,Month-to-month,Credit card (automatic),Fiber optic,No,Yes,80.55,188.1,No
0570-BFQHT,Female,0,9,Month-to-month,Electronic check,Fiber optic,No,No,80.55,653.9,No
2867-UIMSS,Male,0,1,Month-to-month,Electronic check,Fiber optic,No,No,80.5,80.5,Yes
6357-JJPQT,Female,0,3,Month-to-month,Electronic check,Fiber optic,No,No,80.5,232.35,No
4636-QRJKY,Female,0,6,Month-to-month,Electronic check,Fiber optic,Yes,No,80.5,502.85,Yes
9840-DVNDC,Male,0,6,Month-to-month,Credit card (automatic),Fiber optic,No,No,80.5,463.05,Yes
6330-JKLPC,Male,0,11,Month-to-month,Bank transfer (automatic),Fiber optic,No,No,80.5,896.9,Yes
6923-JHPMP,Female,0,2,Month-to-month,Electronic check,Fiber optic,No,Yes,80.45,137.1,No
2397-BRLOM,Male,1,8,Month-to-month,Credit card (automatic),Fiber optic,No,No,80.45,583.45,Yes
4086-YQSNZ,Female,1,3,Month-to-month,Electronic check,Fiber optic,No,No,80.4,224.05,Yes
2789-HQBOU,Male,0,3,Month-to-month,Electronic check,Fiber optic,No,No,80.35,253.8,No
2959-MJHIC,Male,0,4,Month-to-month,Electronic check,Fiber optic,No,No,80.35,307.4,Yes
7903-CMPEY,Male,1,1,Month-to-month,Electronic check,Fiber optic,No,Yes,80.3,80.3,Yes
9897-KXHCM,Female,0,3,Month-to-month,Electronic check,Fiber optic,No,No,80.3,250.05,Yes
2674-MIAHT,Female,0,4,Month-to-month,Mailed check,Fiber optic,No,No,80.3,324.2,No
0947-IDHRQ,Female,0,7,Month-to-month,Mailed check,Fiber optic,No,No,80.3,526.7,Yes
5494-HECPR,Female,0,1,Month-to-month,Electronic check,Fiber optic,No,No,80.25,80.25,Yes
9689-PTNPG,Male,0,2,Month-to-month,Electronic check,Fiber optic,No,No,80.25,144.55,Yes
1251-STYSZ,Female,1,4,Month-to-month,Electronic check,Fiber optic,No,Yes,80.25,303.7,No
4572-DVCGN,Female,0,10,Month-to-month,Bank transfer (automatic),Fiber optic,No,No,80.25,846.0,Yes
0137-OCGAB,Female,0,1,Month-to-month,Mailed check,Fiber optic,No,No,80.2,80.2,Yes
8086-OVPWV,Male,0,2,Month-to-month,Electronic check,Fiber optic,No,No,80.2,181.1,Yes
4529-CKBCL,Female,0,2,Month-to-month,Electronic check,Fiber optic,No,No,80.2,146.05,Yes
6918-UMQCG,Female,0,5,Month-to-month,Electronic check,Fiber optic,No,No,80.2,384.25,No
6086-ESGRL,Female,0,1,Month-to-month,Credit card (automatic),Fiber optic,No,No,80.15,80.15,Yes
4741-WWJQZ,Female,0,2,Month-to-month,Electronic check,Fiber optic,Yes,Yes,80.15,194.55,No
0793-TWELN,Female,0,4,Month-to-month,Electronic check,Fiber optic,No,Yes,80.15,319.85,No
7693-LCKZL,Male,0,5,Month-to-month,Electronic check,Fiber optic,No,No,80.15,385.0,Yes
6204-IEUXJ,Female,0,3,Month-to-month,Credit card (automatic),Fiber optic,Yes,No,80.1,217.55,Yes
3904-UKFRE,Male,0,4,Month-to-month,Electronic check,Fiber optic,No,Yes,80.1,336.15,No
9696-RMYBA,Male,0,5,Month-to-month,Mailed check,Fiber optic,No,No,80.1,398.55,No
4277-PVRAN,Female,0,8,Month-to-month,Bank transfer (automatic),Fiber optic,No,No,80.1,679.3,Yes
8821-XNHVZ,Female,0,1,Month-to-month,Mailed check,Fiber optic,No,No,80.05,80.05,Yes
4547-KQRTM,Female,0,10,Month-to-month,Bank transfer (automatic),Fiber optic,No,No,80.05,830.7,Yes
1448-PWKYE,Male,0,1,Month-to-month,Electronic check,Fiber optic,No,No,80.0,80.0,Yes
9643-AVVWI,Female,0,3,Month-to-month,Electronic check,Fiber optic,Yes,No,80.0,241.3,No
6941-PMGEP,Female,0,5,Month-to-month,Electronic check,Fiber optic,No,No,80.0,412.5,Yes
6496-JDSSB,Female,0,8,Month-to-month,Bank transfer (automatic),Fiber optic,No,No,80.0,624.6,No
9300-RENDD,Male,0,1,Month-to-month,Electronic check,Fiber optic,No,No,79.95,79.95,Yes
4234-XTNEA,Male,0,2,Month-to-month,Electronic check,Fiber optic,No,No,79.95,174.45,No
1184-PJVDB,Male,0,10,Month-to-month,Electronic check,Fiber optic,No,No,79.95,857.2,Yes
1285-OKIPP,Male,0,1,Month-to-month,Electronic check,Fiber optic,No,No,79.9,79.9,Yes
6161-UUUTA,Male,1,3,Month-to-month,Electronic check,Fiber optic,No,No,79.9,260.9,Yes
4806-KEXQR,Male,0,4,Month-to-month,Electronic check,Fiber optic,No,No,79.9,324.3,Yes
0495-ZBNGW,Male,1,5,Month-to-month,Bank transfer (automatic),Fiber optic,No,No,79.9,343.95,Yes
0727-IWKVK,Male,0,9,Month-to-month,Electronic check,Fiber optic,No,No,79.9,741.7,Yes
5712-PTIWW,Male,0,2,Month-to-month,Electronic check,Fiber optic,Yes,No,79.85,152.45,Yes
7410-OIEDU,Male,0,10,Month-to-month,Mailed check,Fiber optic,No,Yes,79.85,887.35,No
9773-PEQBZ,Male,0,10,Month-to-month,Electronic check,Fiber optic,No,No,79.85,797.25,No
1981-INRFU,Female,0,2,Month-to-month,Electronic check,Fiber optic,No,No,79.75,164.5,Yes
9317-WZPGV,Female,1,2,Month-to-month,Bank transfer (automatic),Fiber optic,No,No,79.75,159.4,Yes
7363-QTBIW,Female,0,9,Month-to-month,Electronic check,Fiber optic,No,No,79.75,769.1,No
0495-RVCBF,Female,0,1,Month-to-month,Electronic check,Fiber optic,No,No,79.7,79.7,Yes
8642-GVWRF,Female,0,2,Month-to-month,Bank transfer (automatic),Fiber optic,No,No,79.7,165.0,Yes
6229-LSCKB,Male,1,6,Month-to-month,Electronic check,Fiber optic,No,No,79.7,497.6,No
6437-UKHMV,Female,0,7,Month-to-month,Electronic check,Fiber optic,No,No,79.7,586.05,Yes
8058-INTPH,Female,0,1,Month-to-month,Electronic check,Fiber optic,No,No,79.65,79.65,Yes
8943-URTMR,Female,0,2,Month-to-month,Mailed check,Fiber optic,No,No,79.65,152.7,Yes
4290-BSXUX,Male,0,3,Month-to-month,Bank transfer (automatic),Fiber optic,Yes,No,79.65,251.75,Yes
8128-YVJRG,Female,0,7,Month-to-month,Mailed check,Fiber optic,No,Yes,79.65,604.7,Yes
7594-RQHXR,Female,0,1,Month-to-month,Electronic check,Fiber optic,No,No,79.6,79.6,Yes
5393-RXQSZ,Male,0,1,Month-to-month,Electronic check,Fiber optic,No,No,79.6,79.6,Yes
4713-LZDRV,Female,1,2,Month-to-month,Electronic check,Fiber optic,No,No,79.6,195.05,Yes
1761-AEZZR,Male,0,1,Month-to-month,Electronic check,Fiber optic,No,No,79.55,79.55,Yes
9019-QVLZD,Female,0,1,Month-to-month,Electronic check,Fiber optic,No,No,79.55,79.55,Yes
6618-RYATB,Female,0,1,Month-to-month,Mailed check,Fiber optic,No,No,79.55,79.55,Yes
3420-YJLQT,Female,0,2,Month-to-month,Electronic check,Fiber optic,No,No,79.55,151.75,No
2688-BHGOG,Male,1,9,Month-to-month,Electronic check,Fiber optic,No,No,79.55,718.55,No
0872-NXJYS,Female,0,9,Month-to-month,Electronic check,Fiber optic,No,No,79.55,723.4,Yes
2514-GINMM,Male,0,1,Month-to-month,Electronic check,Fiber optic,No,No,79.5,79.5,Yes
6416-YJTTB,Male,0,11,Month-to-month,Bank transfer (automatic),Fiber optic,No,Yes,79.5,795.65,No
5442-XSDCW,Male,0,11,Month-to-month,Bank transfer (automatic),Fiber optic,No,No,79.5,868.5,Yes
3422-GALYP,Male,0,2,Month-to-month,Electronic check,Fiber optic,No,No,79.45,145.15,No
7074-IEVOJ,Female,1,3,Month-to-month,Electronic check,Fiber optic,No,No,79.4,205.05,Yes
1678-FYZOW,Female,0,3,Month-to-month,Electronic check,Fiber optic,No,No,79.4,244.65,Yes
5919-TMRGD,Female,0,1,Month-to-month,Electronic check,Fiber optic,No,No,79.35,79.35,Yes
9507-EXLTT,Female,0,1,Month-to-month,Bank transfer (automatic),Fiber optic,No,No,79.35,79.35,Yes
4910-AQFFX,Male,0,9,Month-to-month,Bank transfer (automatic),Fiber optic,No,No,79.35,661.25,Yes
2026-TGDHM,Female,0,7,Month-to-month,Electronic check,Fiber optic,No,No,79.3,523.15,Yes
2868-MZAGQ,Male,0,1,Month-to-month,Electronic check,Fiber optic,No,No,79.25,79.25,Yes
6110-OHIHY,Male,0,3,Month-to-month,Electronic check,Fiber optic,No,No,79.25,267.6,Yes
8225-BTJAU,Male,1,10,Month-to-month,Electronic check,Fiber optic,No,No,79.25,793.55,Yes
6567-HOOPW,Female,1,1,Month-to-month,Electronic check,Fiber optic,No,No,79.2,79.2,Yes
5561-NWEVX,Female,1,2,Month-to-month,Electronic check,Fiber optic,No,No,79.2,172.85,Yes
2254-DLXRI,Female,0,1,Month-to-month,Mailed check,Fiber optic,No,No,79.15,79.15,No
7493-TPUWZ,Male,0,1,Month-to-month,Electronic check,Fiber optic,No,No,79.15,79.15,Yes
4210-QFJMF,Female,0,4,Month-to-month,Electronic check,Fiber optic,No,No,79.15,317.25,Yes
5271-DBYSJ,Male,1,11,Month-to-month,Credit card (automatic),Fiber optic,No,No,79.15,827.7,No
8580-AECUZ,Male,1,1,Month-to-month,Electronic check,Fiber optic,No,No,79.1,79.1,Yes
4587-NUKOX,Female,0,3,Month-to-month,Electronic check,Fiber optic,No,Yes,79.1,246.5,Yes
5960-WPXQM,Male,0,1,Month-to-month,Electronic check,Fiber optic,No,No,79.05,79.05,Yes
6400-BWQKW,Female,0,6,Month-to-month,Electronic check,Fiber optic,No,Yes,79.05,434.5,Yes
7198-GLXTC,Male,0,2,Month-to-month,Electronic check,Fiber optic,No,No,79.0,143.65,Yes
8752-STIVR,Female,0,4,Month-to-month,Electronic check,Fiber optic,No,No,79.0,303.15,Yes
7638-QVMVY,Female,0,7,Month-to-month,Electronic check,Fiber optic,No,No,79.0,522.95,Yes
3088-LHEFH,Female,0,11,Month-to-month,Bank transfer (automatic),Fiber optic,No,Yes,79.0,929.3,No
8740-CRYFY,Male,0,1,Month-to-month,Electronic check,Fiber optic,No,No,78.95,78.95,Yes
6689-TCZHQ,Female,1,5,Month-to-month,Electronic check,Fiber optic,No,No,78.95,378.4,Yes
5760-FXFVO,Male,0,6,Month-to-month,Electronic check,Fiber optic,No,Yes,78.95,494.95,No
3855-ONCAR,Female,0,4,Month-to-month,Mailed check,Fiber optic,No,No,78.9,299.75,No
9231-ZJYAM,Female,1,4,Month-to-month,Electronic check,Fiber optic,No,No,78.85,292.8,Yes
6372-RFVNS,Female,0,1,Month-to-month,Electronic check,Fiber optic,No,No,78.8,78.8,Yes
1569-TTNYJ,Male,0,5,Month-to-month,Electronic check,Fiber optic,No,No,78.75,412.1,Yes
6175-IRFIT,Male,0,5,Month-to-month,Mailed check,Fiber optic,No,No,78.75,426.35,No
8945-GRKHX,Female,0,1,Month-to-month,Electronic check,Fiber optic,No,No,78.65,78.65,Yes
1356-MKYSK,Male,0,6,Month-to-month,Credit card (automatic),DSL,Yes,Yes,78.65,483.3,No
1304-NECVQ,Female,1,2,Month-to-month,Electronic check,Fiber optic,No,No,78.55,149.55,Yes
4059-IIEBK,Female,0,7,Month-to-month,Bank transfer (automatic),Fiber optic,No,No,78.55,522.95,No
9837-BMCLM,Male,0,3,Month-to-month,Electronic check,Fiber optic,No,No,78.5,242.05,Yes
2272-UOINI,Female,0,7,Month-to-month,Electronic check,DSL,Yes,Yes,78.5,571.05,No
5288-AHOUP,Male,1,11,Month-to-month,Electronic check,Fiber optic,No,No,78.5,874.2,No
9885-CSMWE,Female,1,1,Month-to-month,Electronic check,Fiber optic,No,No,78.45,78.45,Yes
3249-ZPQRG,Male,0,4,Month-to-month,Electronic check,Fiber optic,No,No,78.45,330.05,Yes
5606-AMZBO,Female,0,10,Month-to-month,Credit card (automatic),Fiber optic,No,Yes,78.15,765.15,No
7072-MBHEV,Female,1,11,Month-to-month,Credit card (automatic),Fiber optic,No,No,78.1,864.85,No
2777-PHDEI,Female,0,1,Month-to-month,Electronic check,Fiber optic,No,No,78.05,78.05,Yes
8981-FJGLA,Male,0,11,Month-to-month,Mailed check,Fiber optic,No,No,78.0,851.8,No
7786-WBJYI,Female,0,4,Month-to-month,Bank transfer (automatic),Fiber optic,No,No,77.95,305.55,Yes
6376-GAHQE,Male,0,4,Month-to-month,Electronic check,Fiber optic,No,No,77.85,299.2,Yes
2754-XBHTB,Female,0,9,Month-to-month,Bank transfer (automatic),Fiber optic,No,No,77.65,714.15,Yes
8543-MSDMF,Male,0,3,Month-to-month,Electronic check,DSL,No,Yes,77.4,206.15,No
2609-IAICY,Female,0,1,Month-to-month,Electronic check,Fiber optic,No,No,77.15,77.15,Yes
8258-GSTJK,Male,1,3,Month-to-month,Electronic check,Fiber optic,No,No,77.0,237.75,Yes
5835-BEQEU,Male,0,3,Month-to-month,Electronic check,Fiber optic,No,No,76.95,228.4,Yes
1219-NNDDO,Female,0,9,Month-to-month,Electronic check,Fiber optic,No,No,76.85,663.55,No
2919-HBCJO,Female,0,4,Month-to-month,Bank transfer (automatic),Fiber optic,No,No,76.65,333.6,Yes
0637-KVDLV,Male,0,2,Month-to-month,Electronic check,Fiber optic,No,No,76.5,162.45,Yes
7625-XCQRH,Female,0,11,Month-to-month,Electronic check,Fiber optic,No,No,76.5,837.95,Yes
9248-OJYKK,Male,1,1,Month-to-month,Electronic check,Fiber optic,No,No,76.45,76.45,Yes
2070-FNEXE,Female,1,7,Month-to-month,Bank transfer (automatic),Fiber optic,No,Yes,76.45,503.6,Yes
3296-SILRA,Female,1,1,Month-to-month,Mailed check,Fiber optic,No,No,76.4,76.4,Yes
7598-UAASY,Male,0,2,Month-to-month,Electronic check,Fiber optic,No,No,76.4,151.8,Yes
1597-FZREH,Female,0,2,Month-to-month,Electronic check,DSL,Yes,No,76.4,160.8,Yes
3969-GYXEL,Female,0,11,Month-to-month,Electronic check,Fiber optic,No,Yes,76.4,838.7,No
6910-HADCM,Female,0,1,Month-to-month,Electronic check,Fiber optic,No,No,76.35,76.35,Yes
5928-QLDHB,Male,0,9,Month-to-month,Electronic check,Fiber optic,No,No,76.25,684.85,No
9444-JTXHZ,Male,0,1,Month-to-month,Electronic check,Fiber optic,No,No,76.2,76.2,Yes
3370-HXOPH,Female,0,3,Month-to-month,Electronic check,Fiber optic,No,No,76.1,257.6,No
7576-OYWBN,Male,1,3,Month-to-month,Electronic check,Fiber optic,No,No,76.05,231.8,Yes
8443-ZRDBZ,Male,0,4,Month-to-month,Electronic check,Fiber optic,No,No,76.05,318.9,Yes
6960-HVYXR,Female,0,1,Month-to-month,Electronic check,Fiber optic,No,No,76.0,76.0,Yes
0231-LXVAP,Male,0,1,Month-to-month,Electronic check,Fiber optic,Yes,No,75.9,75.9,Yes
1618-CFHME,Female,0,2,Month-to-month,Electronic check,Fiber optic,No,No,75.9,143.35,Yes
3074-GQWYX,Male,0,5,Month-to-month,Bank transfer (automatic),Fiber optic,No,No,75.9,357.75,Yes
5035-BVCXS,Male,0,11,Month-to-month,Mailed check,Fiber optic,No,No,75.9,866.4,No
3519-ZKXGG,Female,0,3,Month-to-month,Electronic check,Fiber optic,No,No,75.85,256.6,Yes
7354-OIJLX,Male,0,9,Month-to-month,Electronic check,Fiber optic,No,No,75.85,724.65,No
5022-JNQEQ,Female,0,9,Month-to-month,Electronic check,Fiber optic,Yes,No,75.85,647.5,No
7595-EUIVN,Female,0,1,Month-to-month,Electronic check,Fiber optic,No,No,75.8,75.8,Yes
5159-YFPKQ,Female,0,2,Month-to-month,Electronic check,Fiber optic,No,No,75.8,160.75,Yes
4581-SSPWD,Female,0,3,Month-to-month,Electronic check,Fiber optic,No,No,75.8,246.3,Yes
6894-LFHLY,Male,1,1,Month-to-month,Electronic check,Fiber optic,No,No,75.75,75.75,Yes
7130-VTEWQ,Female,1,8,Month-to-month,Electronic check,Fiber optic,No,No,75.75,606.25,Yes
1262-OPMFY,Female,0,9,Month-to-month,Bank transfer (automatic),Fiber optic,No,No,75.75,655.9,Yes
5652-MSDEY,Female,0,10,Month-to-month,Mailed check,Fiber optic,No,No,75.75,777.3,No
5196-SGOAK,Female,0,1,Month-to-month,Electronic check,Fiber optic,No,No,75.7,75.7,Yes
8433-WXGNA,Male,0,2,Month-to-month,Electronic check,Fiber optic,No,Yes,75.7,189.2,Yes
4431-EDMIQ,Female,0,7,Month-to-month,Electronic check,DSL,Yes,Yes,75.7,554.05,No
4749-OJKQU,Female,0,4,Month-to-month,Electronic check,Fiber optic,No,No,75.65,302.35,No
6034-YMTOB,Female,0,5,Month-to-month,Mailed check,Fiber optic,Yes,No,75.65,399.45,No
6198-ZFIOJ,Female,0,5,Month-to-month,Electronic check,Fiber optic,No,No,75.6,402.5,No
8584-KMVXD,Female,0,8,Month-to-month,Electronic check,Fiber optic,No,No,75.6,535.55,No
3987-KQDDU,Male,0,9,Month-to-month,Electronic check,Fiber optic,No,Yes,75.6,661.55,No
5043-TRZWM,Female,0,1,Month-to-month,Electronic check,Fiber optic,No,No,75.55,75.55,No
7817-BOQPW,Female,0,2,Month-to-month,Electronic check,Fiber optic,No,No,75.55,166.3,Yes
0506-LVNGN,Female,1,5,Month-to-month,Credit card (automatic),Fiber optic,No,No,75.55,349.65,Yes
9250-WYPLL,Female,0,5,Month-to-month,Electronic check,Fiber optic,No,No,75.55,413.65,Yes
0817-HSUSE,Male,0,1,Month-to-month,Electronic check,DSL,Yes,No,75.5,75.5,No
1320-HTRDR,Female,0,3,Month-to-month,Electronic check,Fiber optic,No,No,75.5,220.6,Yes
8185-UPYBR,Male,0,6,Month-to-month,Electronic check,Fiber optic,No,No,75.5,438.0,Yes
7020-OZKXZ,Female,1,9,Month-to-month,Credit card (automatic),Fiber optic,No,No,75.5,637.4,No
5834-ASPWA,Male,0,1,Month-to-month,Electronic check,Fiber optic,No,No,75.45,75.45,Yes
2516-VQRRV,Female,1,2,Month-to-month,Mailed check,Fiber optic,No,No,75.45,158.4,Yes
7410-YTJIK,Female,0,7,Month-to-month,Mailed check,Fiber optic,No,No,75.45,480.75,Yes
2077-MPJQO,Male,1,7,Month-to-month,Electronic check,Fiber optic,No,No,75.4,533.05,No
5054-IEXZT,Male,0,1,Month-to-month,Electronic check,Fiber optic,No,No,75.35,75.35,Yes
4988-IQIGL,Male,1,1,Month-to-month,Electronic check,Fiber optic,No,No,75.35,75.35,Yes
1746-TGTWV,Male,0,1,Month-to-month,Credit card (automatic),Fiber optic,No,No,75.35,75.35,No
0221-WMXNQ,Male,1,4,Month-to-month,Electronic check,Fiber optic,No,Yes,75.35,273.4,No
1602-IJQQE,Female,0,4,Month-to-month,Electronic check,Fiber optic,No,No,75.35,338.1,Yes
0840-DFEZH,Female,0,7,Month-to-month,Electronic check,Fiber optic,No,No,75.35,564.65,No
5564-NEMQO,Female,1,1,Month-to-month,Bank transfer (automatic),Fiber optic,No,No,75.3,75.3,Yes
3627-FHKBK,Female,0,1,Month-to-month,Mailed check,Fiber optic,No,Yes,75.3,75.3,Yes
9787-XVQIU,Male,0,1,Month-to-month,Electronic check,Fiber optic,No,No,75.3,75.3,Yes
9940-RHLFB,Female,0,1,Month-to-month,Electronic check,Fiber optic,No,No,75.3,75.3,Yes
5122-CYFXA,Female,0,3,Month-to-month,Electronic check,DSL,Yes,No,75.3,244.1,No
9518-XXBXE,Male,1,10,Month-to-month,Electronic check,Fiber optic,No,Yes,75.3,720.45,No
0925-VYDLG,Female,0,3,Month-to-month,Electronic check,Fiber optic,No,No,75.25,242.0,Yes
3199-XGZCY,Female,0,8,Month-to-month,Electronic check,Fiber optic,No,No,75.25,576.7,No
5879-SESNB,Female,0,11,Month-to-month,Electronic check,Fiber optic,No,No,75.25,888.65,No
0196-JTUQI,Female,0,9,Month-to-month,Credit card (automatic),Fiber optic,No,No,75.2,633.85,No
2460-NGXBJ,Male,1,11,Month-to-month,Credit card (automatic),Fiber optic,No,No,75.2,775.3,No
5570-PTWEH,Female,0,3,Month-to-month,Credit card (automatic),Fiber optic,No,No,75.15,216.75,Yes
0867-LDTTC,Male,0,5,Month-to-month,Bank transfer (automatic),DSL,Yes,No,75.15,392.65,No
9191-MYQKX,Female,0,7,Month-to-month,Bank transfer (automatic),Fiber optic,No,No,75.15,496.9,Yes
8325-QRPZR,Female,0,7,Month-to-month,Electronic check,Fiber optic,No,No,75.15,525.0,No
1452-VOQCH,Male,0,1,Month-to-month,Electronic check,Fiber optic,No,No,75.1,75.1,No
8816-VXNZD,Female,0,1,Month-to-month,Electronic check,Fiber optic,No,No,75.1,75.1,Yes
2276-YDAVZ,Female,0,3,Month-to-month,Credit card (automatic),Fiber optic,No,No,75.1,270.7,Yes
7912-SYRQT,Female,0,7,Month-to-month,Bank transfer (automatic),Fiber optic,No,No,75.1,552.95,Yes
3276-HDUEG,Female,0,1,Month-to-month,Mailed check,Fiber optic,No,No,75.05,75.05,Yes
3966-HRMZA,Female,1,3,Month-to-month,Mailed check,Fiber optic,No,No,75.05,202.9,No
1980-KXVPM,Female,1,3,Month-to-month,Credit card (automatic),Fiber optic,No,No,75.05,256.25,Yes
9494-MRNYX,Male,0,10,Month-to-month,Electronic check,Fiber optic,No,No,75.05,786.3,No
8676-TRMJS,Male,0,3,Month-to-month,Mailed check,Fiber optic,No,No,75.0,209.1,Yes
7993-PYKOF,Male,0,8,Month-to-month,Electronic check,Fiber optic,No,Yes,75.0,632.95,Yes
9552-TGUZV,Male,0,8,Month-to-month,Mailed check,Fiber optic,No,Yes,75.0,658.1,No
1157-BQCUW,Male,0,1,Month-to-month,Electronic check,Fiber optic,No,No,74.95,74.95,Yes
2080-GKCWQ,Male,0,2,Month-to-month,Electronic check,Fiber optic,No,No,74.95,151.75,No
4090-KPJIP,Female,0,3,Month-to-month,Electronic check,Fiber optic,No,No,74.95,212.4,No
9274-CNFMO,Male,1,4,Month-to-month,Electronic check,Fiber optic,No,No,74.95,308.7,Yes
1024-VRZHF,Male,0,11,Month-to-month,Electronic check,Fiber optic,No,No,74.95,825.7,Yes
4503-BDXBD,Male,0,11,Month-to-month,Electronic check,Fiber optic,No,No,74.95,815.5,Yes
6358-LYNGM,Male,0,1,Month-to-month,Electronic check,Fiber optic,No,No,74.9,74.9,Yes
6996-KNSML,Female,0,1,Month-to-month,Electronic check,Fiber optic,No,No,74.9,74.9,Yes
7571-YXDAD,Female,0,2,Month-to-month,Credit card (automatic),Fiber optic,No,No,74.9,147.15,Yes
6856-RAURS,Female,0,2,Month-to-month,Mailed check,Fiber optic,No,No,74.9,136.05,No
0722-TROQR,Female,1,4,Month-to-month,Electronic check,Fiber optic,No,No,74.9,321.75,Yes
4229-CZMLL,Male,0,6,Month-to-month,Electronic check,Fiber optic,No,No,74.9,469.8,Yes
1475-VWVDO,Male,0,7,Month-to-month,Electronic check,Fiber optic,No,No,74.9,490.55,No
6711-FLDFB,Female,0,7,Month-to-month,Electronic check,Fiber optic,No,No,74.9,541.15,Yes
7235-NXZCP,Male,1,2,Month-to-month,Mailed check,Fiber optic,No,No,74.85,156.4,Yes
9334-GWGOW,Male,1,7,Month-to-month,Electronic check,Fiber optic,No,No,74.85,485.25,No
3030-YDNRM,Male,0,8,Month-to-month,Electronic check,Fiber optic,No,No,74.85,572.45,No
8778-LMWTJ,Female,0,9,Month-to-month,Electronic check,Fiber optic,No,Yes,74.85,708.2,No
2984-MIIZL,Male,0,4,Month-to-month,Bank transfer (automatic),Fiber optic,No,No,74.8,321.9,Yes
4770-UEZOX,Male,0,2,Month-to-month,Electronic check,Fiber optic,No,No,74.75,144.8,No
2800-VEQXM,Female,0,3,Month-to-month,Mailed check,Fiber optic,No,No,74.75,238.1,No
6424-ELEYH,Female,0,3,Month-to-month,Credit card (automatic),Fiber optic,No,No,74.75,229.5,Yes
4282-YMKNA,Female,0,9,Month-to-month,Electronic check,Fiber optic,No,No,74.75,706.6,Yes
8065-YKXKD,Female,0,10,Month-to-month,Electronic check,Fiber optic,No,No,74.75,799.65,Yes
2424-WVHPL,Male,1,1,Month-to-month,Electronic check,Fiber optic,Yes,No,74.7,74.7,No
9399-APLBT,Female,0,1,Month-to-month,Electronic check,Fiber optic,No,No,74.7,74.7,Yes
5240-IJOQT,Male,1,1,Month-to-month,Electronic check,Fiber optic,No,No,74.7,74.7,Yes
3765-JXVKY,Female,0,1,Month-to-month,Electronic check,Fiber optic,No,No,74.7,74.7,Yes
2761-OCIAX,Male,1,2,Month-to-month,Electronic check,Fiber optic,No,No,74.7,165.4,Yes
7341-LXCAF,Male,0,4,Month-to-month,Electronic check,Fiber optic,No,No,74.65,301.4,Yes
5399-ZIMKF,Male,0,5,Month-to-month,Electronic check,Fiber optic,No,No,74.65,383.65,No
0927-LCSMG,Male,0,7,Month-to-month,Mailed check,Fiber optic,No,No,74.65,544.55,Yes
4013-UBXWQ,Female,0,7,Month-to-month,Electronic check,DSL,Yes,No,74.65,521.1,Yes
1518-VOWAV,Female,0,9,Month-to-month,Electronic check,DSL,No,Yes,74.65,703.55,Yes
2024-BASKD,Female,0,1,Month-to-month,Mailed check,Fiber optic,No,No,74.6,74.6,Yes
1866-OBPNR,Male,0,1,Month-to-month,Credit card (automatic),Fiber optic,No,No,74.6,74.6,No
3746-EUBYR,Male,0,1,Month-to-month,Bank transfer (automatic),Fiber optic,No,No,74.6,74.6,Yes
3411-WLRSQ,Female,1,3,Month-to-month,Bank transfer (automatic),Fiber optic,No,No,74.6,239.05,No
5405-ZMYXQ,Female,0,8,Month-to-month,Credit card (automatic),Fiber optic,No,No,74.6,548.9,No
2325-NBPZG,Female,0,3,Month-to-month,Electronic check,Fiber optic,No,Yes,74.55,233.65,No
0709-TVGUR,Female,1,9,Month-to-month,Electronic check,Fiber optic,No,No,74.55,622.9,Yes
1428-GTBJJ,Male,0,11,Month-to-month,Electronic check,Fiber optic,No,No,74.55,824.75,Yes
7180-PISOG,Male,0,1,Month-to-month,Electronic check,Fiber optic,No,No,74.5,74.5,Yes
4415-IJZTP,Female,0,1,Month-to-month,Electronic check,Fiber optic,No,No,74.5,74.5,Yes
7823-JSOAG,Male,0,3,Month-to-month,Electronic check,Fiber optic,No,No,74.5,217.45,No
3488-PGMQJ,Male,1,8,Month-to-month,Electronic check,Fiber optic,No,No,74.5,606.55,Yes
3235-ETOOB,Male,0,8,Month-to-month,Electronic check,Fiber optic,No,Yes,74.5,609.9,Yes
2982-IHMFT,Female,1,1,Month-to-month,Mailed check,Fiber optic,No,No,74.45,74.45,Yes
0723-DRCLG,Female,1,1,Month-to-month,Electronic check,Fiber optic,No,No,74.45,74.45,Yes
9398-MMQTO,Male,0,3,Month-to-month,Credit card (automatic),Fiber optic,No,No,74.45,221.1,No
1197-BVMVG,Female,1,4,Month-to-month,Electronic check,Fiber optic,No,No,74.45,294.45,No
4102-OQUPX,Male,1,1,Month-to-month,Electronic check,Fiber optic,No,No,74.4,74.4,Yes
3551-HUAZH,Male,1,1,Month-to-month,Electronic check,Fiber optic,No,No,74.4,74.4,Yes
0388-EOPEX,Female,0,2,Month-to-month,Electronic check,Fiber optic,No,Yes,74.4,139.4,Yes
0404-SWRVG,Male,0,3,Month-to-month,Electronic check,Fiber optic,No,No,74.4,229.55,Yes
6680-WKXRZ,Female,0,3,Month-to-month,Bank transfer (automatic),Fiber optic,No,No,74.4,215.8,Yes
8640-SDGKB,Male,0,4,Month-to-month,Electronic check,DSL,Yes,No,74.4,299.7,Yes
8361-LTMKD,Male,1,4,Month-to-month,Mailed check,Fiber optic,No,No,74.4,306.6,Yes
4505-EXZHB,Female,1,6,Month-to-month,Electronic check,Fiber optic,No,No,74.4,434.1,Yes
8699-ASUFO,Male,1,7,Month-to-month,Mailed check,Fiber optic,No,No,74.4,527.9,Yes
8372-JUXUI,Male,0,1,Month-to-month,Electronic check,Fiber optic,No,No,74.35,74.35,Yes
4274-OWWYO,Male,0,1,Month-to-month,Electronic check,Fiber optic,No,No,74.35,74.35,Yes
9840-EFJQB,Female,0,1,Month-to-month,Electronic check,Fiber optic,No,No,74.35,74.35,No
8083-YTZES,Male,0,4,Month-to-month,Electronic check,Fiber optic,No,No,74.35,265.35,Yes
5956-VKDTT,Female,1,5,Month-to-month,Electronic check,Fiber optic,No,No,74.35,334.8,Yes
4343-EJVQB,Male,0,7,Month-to-month,Mailed check,Fiber optic,No,Yes,74.35,533.6,No
1867-BDVFH,Male,0,11,Month-to-month,Electronic check,Fiber optic,No,No,74.35,834.2,Yes
8775-ERLNB,Male,1,1,Month-to-month,Electronic check,Fiber optic,No,No,74.3,74.3,No
2468-SJFLM,Male,0,1,Month-to-month,Mailed check,Fiber optic,Yes,No,74.3,74.3,No
9894-EZEWG,Female,0,1,Month-to-month,Credit card (automatic),Fiber optic,No,No,74.3,74.3,Yes
3707-GNWHM,Male,0,1,Month-to-month,Mailed check,Fiber optic,No,No,74.25,74.25,Yes
9306-CPCBC,Female,0,3,Month-to-month,Electronic check,Fiber optic,No,No,74.25,210.3,Yes
4116-TZAQJ,Female,0,9,Month-to-month,Credit card (automatic),Fiber optic,No,Yes,74.25,639.65,Yes
1833-VGRUM,Female,1,1,Month-to-month,Electronic check,Fiber optic,No,No,74.2,74.2,Yes
2880-FPNAE,Male,1,2,Month-to-month,Electronic check,Fiber optic,No,No,74.2,140.1,No
6347-DCUIK,Male,0,10,Month-to-month,Mailed check,Fiber optic,No,No,74.15,811.8,Yes
9850-OWRHQ,Female,0,3,Month-to-month,Credit card (automatic),Fiber optic,No,No,74.1,228.0,Yes
1658-TJVOA,Female,1,6,Month-to-month,Electronic check,Fiber optic,No,Yes,74.1,450.9,No
4480-QQRHC,Female,1,8,Month-to-month,Bank transfer (automatic),Fiber optic,No,No,74.05,600.15,No
6860-YRJZP,Male,1,9,Month-to-month,Electronic check,Fiber optic,No,No,74.05,678.45,No
8687-BAFGU,Male,0,1,Month-to-month,Electronic check,Fiber optic,Yes,No,74.0,74.0,No
0004-TLHLJ,Male,0,4,Month-to-month,Electronic check,Fiber optic,No,No,73.9,280.85,Yes
4854-CIDCF,Female,1,3,Month-to-month,Electronic check,Fiber optic,No,No,73.85,196.4,No
8873-GLDMH,Female,0,6,Month-to-month,Mailed check,Fiber optic,No,No,73.85,401.3,No
0122-OAHPZ,Female,0,7,Month-to-month,Electronic check,Fiber optic,No,No,73.85,511.25,Yes
2696-NARTR,Male,0,11,Month-to-month,Electronic check,Fiber optic,Yes,No,73.85,926.25,Yes
6339-YPSAH,Male,0,9,Month-to-month,Electronic check,Fiber optic,No,No,73.8,704.3,No
4585-HETAI,Female,0,4,Month-to-month,Electronic check,Fiber optic,No,No,73.75,325.45,Yes
3070-DVEYC,Male,1,7,Month-to-month,Mailed check,Fiber optic,No,No,73.75,545.15,Yes
8473-VUVJN,Male,1,1,Month-to-month,Electronic check,Fiber optic,No,No,73.65,73.65,Yes
6390-DSAZX,Female,0,1,Month-to-month,Mailed check,Fiber optic,No,Yes,73.6,73.6,Yes
8617-ENBDS,Male,0,3,Month-to-month,Credit card (automatic),Fiber optic,No,No,73.6,232.5,No
1196-AMORA,Male,0,7,Month-to-month,Electronic check,Fiber optic,No,No,73.6,520.0,Yes
6513-EECDB,Male,1,1,Month-to-month,Electronic check,Fiber optic,No,No,73.55,73.55,Yes
2983-ZANRP,Female,0,2,Month-to-month,Bank transfer (automatic),Fiber optic,No,No,73.55,145.4,Yes
9747-DDZOS,Female,0,1,Month-to-month,Bank transfer (automatic),Fiber optic,No,No,73.5,73.5,Yes
8541-QVFKM,Female,0,8,Month-to-month,Electronic check,Fiber optic,No,No,73.5,632.2,No
5108-ADXWO,Male,0,11,Month-to-month,Electronic check,Fiber optic,No,Yes,73.5,791.75,Yes
6221-AVQYL,Male,0,2,Month-to-month,Credit card (automatic),Fiber optic,No,No,73.25,131.05,Yes
1977-STDKI,Female,1,1,Month-to-month,Electronic check,Fiber optic,No,No,73.0,73.0,Yes
0260-ZDLGK,Female,0,9,Month-to-month,Mailed check,DSL,Yes,No,72.9,651.4,Yes
1391-UBDAR,Male,0,11,Month-to-month,Electronic check,Fiber optic,No,No,72.9,818.45,No
1907-UBQFC,Male,1,10,Month-to-month,Electronic check,Fiber optic,No,No,72.85,688.65,Yes
0581-BXBUB,Female,1,4,Month-to-month,Electronic check,Fiber optic,No,No,72.75,317.75,No
3295-YVUSR,Male,1,2,Month-to-month,Mailed check,Fiber optic,No,No,72.6,154.3,No
8111-RKSPX,Male,0,4,Month-to-month,Bank transfer (automatic),Fiber optic,No,No,72.2,305.55,Yes
6331-LWDTQ,Male,0,10,Month-to-month,Credit card (automatic),DSL,No,No,72.15,794.25,Yes
0021-IKXGC,Female,1,1,Month-to-month,Electronic check,Fiber optic,No,No,72.1,72.1,No
8380-PEFPE,Male,0,1,Month-to-month,Electronic check,Fiber optic,No,No,71.65,71.65,Yes
8644-XLFBW,Male,1,1,Month-to-month,Electronic check,Fiber optic,No,No,71.65,71.65,Yes
0508-OOLTO,Female,0,2,Month-to-month,Electronic check,Fiber optic,No,No,71.65,135.75,No
6140-QNRQQ,Male,0,1,Month-to-month,Mailed check,Fiber optic,No,No,71.55,71.55,Yes
3420-ZDBMA,Male,1,5,Month-to-month,Mailed check,Fiber optic,No,No,71.45,371.6,No
3177-LASXD,Female,0,1,Month-to-month,Electronic check,Fiber optic,No,No,71.35,71.35,Yes
8042-JVNFH,Male,0,1,Month-to-month,Mailed check,Fiber optic,No,No,71.35,71.35,Yes
1410-RSCMR,Male,0,7,Month-to-month,Credit card (automatic),DSL,Yes,Yes,71.35,515.75,No
4450-DLLMH,Male,0,2,Month-to-month,Credit card (automatic),Fiber optic,No,No,71.3,157.75,No
3878-AVSOQ,Female,1,1,Month-to-month,Electronic check,Fiber optic,No,No,71.25,71.25,No
9488-HGMJH,Female,1,1,Month-to-month,Electronic check,Fiber optic,No,No,71.15,71.15,Yes
4080-OGPJL,Female,0,8,Month-to-month,Electronic check,DSL,Yes,Yes,71.15,563.65,Yes
8040-MNRTF,Female,0,1,Month-to-month,Mailed check,Fiber optic,No,No,71.1,71.1,No
0511-JTEOY,Female,0,1,Month-to-month,Mailed check,Fiber optic,No,No,71.1,71.1,Yes
1077-HUUJM,Female,0,7,Month-to-month,Electronic check,Fiber optic,No,No,71.05,472.65,No
7409-KIUTL,Female,1,1,Month-to-month,Electronic check,Fiber optic,No,No,71.0,71.0,Yes
3422-LYEPQ,Male,0,1,Month-to-month,Electronic check,Fiber optic,No,No,71.0,71.0,Yes
3627-FCRDW,Female,0,9,Month-to-month,Electronic check,Fiber optic,No,No,71.0,672.55,Yes
3721-CNEYS,Female,0,2,Month-to-month,Electronic check,Fiber optic,No,No,70.95,137.95,Yes
0151-ONTOV,Female,0,1,Month-to-month,Mailed check,Fiber optic,No,No,70.9,70.9,Yes
3376-BMGFE,Female,0,4,Month-to-month,Bank transfer (automatic),Fiber optic,No,No,70.9,273.0,Yes
0812-WUPTB,Male,1,1,Month-to-month,Mailed check,Fiber optic,No,No,70.85,70.85,Yes
1031-IIDEO,Female,0,1,Month-to-month,Electronic check,Fiber optic,No,No,70.85,70.85,Yes
0968-GSIKN,Female,0,1,Month-to-month,Mailed check,Fiber optic,No,No,70.8,70.8,Yes
0519-XUZJU,Female,0,1,Month-to-month,Mailed check,Fiber optic,No,No,70.75,70.75,Yes
3866-MDTUB,Female,0,2,Month-to-month,Electronic check,DSL,No,Yes,70.75,146.9,Yes
0685-MLYYM,Female,1,2,Month-to-month,Electronic check,Fiber optic,No,No,70.75,154.85,Yes
9210-IAHGH,Female,0,7,Month-to-month,Credit card (automatic),DSL,Yes,No,70.75,450.8,Yes
5032-MIYKT,Female,0,1,Month-to-month,Mailed check,Fiber optic,No,No,70.7,70.7,No
9237-HQITU,Female,0,2,Month-to-month,Electronic check,Fiber optic,No,No,70.7,151.65,Yes
3717-OEAUQ,Male,0,2,Month-to-month,Mailed check,Fiber optic,No,No,70.7,129.2,No
8835-VSDSE,Female,0,2,Month-to-month,Electronic check,Fiber optic,No,No,70.7,141.45,Yes
5028-GZLDO,Male,0,2,Month-to-month,Credit card (automatic),Fiber optic,No,No,70.7,140.7,Yes
0734-OXWBT,Male,0,3,Month-to-month,Mailed check,DSL,Yes,No,70.7,225.65,No
7967-HYCDE,Male,0,8,Month-to-month,Bank transfer (automatic),Fiber optic,No,No,70.7,553.4,No
1122-JWTJW,Male,0,1,Month-to-month,Mailed check,Fiber optic,No,No,70.65,70.65,Yes
4342-HENTK,Female,1,2,Month-to-month,Electronic check,Fiber optic,No,No,70.65,142.35,Yes
0644-OQMDK,Male,1,4,Month-to-month,Electronic check,Fiber optic,No,No,70.65,293.85,No
5940-AHUHD,Male,0,1,Month-to-month,Mailed check,Fiber optic,No,No,70.6,70.6,Yes
8309-IEYJD,Female,1,1,Month-to-month,Mailed check,Fiber optic,No,No,70.6,70.6,No
9617-INGJY,Male,0,1,Month-to-month,Mailed check,Fiber optic,No,No,70.6,70.6,No
5376-DEQCP,Female,0,1,Month-to-month,Electronic check,Fiber optic,No,No,70.6,70.6,Yes
8051-HJRLT,Female,1,1,Month-to-month,Electronic check,Fiber optic,No,No,70.55,70.55,Yes
9620-ENEJV,Female,0,6,Month-to-month,Credit card (automatic),Fiber optic,No,No,70.55,433.95,No
1915-IOFGU,Female,0,1,Month-to-month,Electronic check,Fiber optic,No,No,70.5,70.5,Yes
3496-LFSZU,Male,0,4,Month-to-month,Electronic check,Fiber optic,No,No,70.5,294.2,No
8270-RKSAP,Male,0,9,Month-to-month,Electronic check,Fiber optic,No,No,70.5,597.9,No
5527-ACHSO,Female,0,11,Month-to-month,Mailed check,DSL,Yes,No,70.5,829.3,No
0390-DCFDQ,Female,1,1,Month-to-month,Mailed check,Fiber optic,No,No,70.45,70.45,Yes
2585-KTFRE,Male,0,1,Month-to-month,Bank transfer (automatic),DSL,Yes,Yes,70.45,70.45,No
0515-YPMCW,Male,0,1,Month-to-month,Mailed check,Fiber optic,No,No,70.45,70.45,Yes
4759-TRPLW,Male,0,1,Month-to-month,Electronic check,Fiber optic,No,No,70.4,70.4,Yes
4629-NRXKX,Female,0,2,Month-to-month,Electronic check,Fiber optic,No,No,70.4,147.15,Yes
2905-KFQUV,Female,0,2,Month-to-month,Credit card (automatic),Fiber optic,No,No,70.4,154.8,No
2055-PDADH,Female,1,3,Month-to-month,Electronic check,Fiber optic,No,No,70.4,204.7,Yes
4763-PGDPO,Female,0,4,Month-to-month,Electronic check,Fiber optic,No,No,70.4,281.0,Yes
7465-ZZRVX,Male,0,1,Month-to-month,Electronic check,Fiber optic,No,No,70.35,70.35,No
5804-LEPIM,Female,1,2,Month-to-month,Electronic check,Fiber optic,No,No,70.35,139.05,Yes
7321-VGNKU,Female,0,2,Month-to-month,Electronic check,Fiber optic,No,No,70.35,120.25,No
5442-BHQNG,Female,0,2,Month-to-month,Electronic check,Fiber optic,No,No,70.35,139.25,No
6653-CBBOM,Female,0,1,Month-to-month,Electronic check,Fiber optic,No,No,70.3,70.3,Yes
1363-TXLSL,Male,1,1,Month-to-month,Electronic check,Fiber optic,No,No,70.3,70.3,Yes
2446-PLQVO,Male,0,1,Month-to-month,Electronic check,Fiber optic,No,No,70.3,70.3,Yes
3234-VKACU,Male,0,2,Month-to-month,Electronic check,DSL,Yes,No,70.3,132.4,No
9717-QEBGU,Male,0,2,Month-to-month,Electronic check,Fiber optic,No,No,70.3,144.0,No
7379-POKDZ,Male,0,3,Month-to-month,Electronic check,Fiber optic,No,No,70.3,208.85,Yes
4029-HPFVY,Male,0,3,Month-to-month,Mailed check,Fiber optic,No,No,70.3,220.4,No
6168-WFVVF,Female,1,3,Month-to-month,Electronic check,Fiber optic,No,No,70.3,235.5,Yes
5976-JCJRH,Male,0,10,Month-to-month,Electronic check,Fiber optic,No,No,70.3,738.2,Yes
1640-PLFMP,Female,0,1,Month-to-month,Electronic check,Fiber optic,No,No,70.25,70.25,No
3244-DCJWY,Female,0,1,Month-to-month,Electronic check,Fiber optic,No,No,70.25,70.25,Yes
9633-XQABV,Female,0,3,Month-to-month,Electronic check,Fiber optic,No,No,70.25,229.7,No
2815-CPTUL,Male,1,5,Month-to-month,Mailed check,Fiber optic,No,No,70.25,331.9,Yes
9605-WGJVW,Female,1,1,Month-to-month,Electronic check,Fiber optic,No,No,70.2,70.2,No
2260-USTRB,Female,1,2,Month-to-month,Bank transfer (automatic),Fiber optic,No,No,70.2,115.95,Yes
2568-BRGYX,Male,0,4,Month-to-month,Electronic check,Fiber optic,No,No,70.2,237.95,Yes
7044-YAACC,Male,1,4,Month-to-month,Electronic check,Fiber optic,No,No,70.2,280.35,No
2501-XWWTZ,Male,0,11,Month-to-month,Electronic check,Fiber optic,No,No,70.2,760.05,No
7206-PQBBZ,Male,1,11,Month-to-month,Electronic check,Fiber optic,No,No,70.2,834.7,No
1846-XWOQN,Female,1,1,Month-to-month,Electronic check,Fiber optic,No,No,70.15,70.15,Yes
2619-WFQWU,Female,0,1,Month-to-month,Mailed check,Fiber optic,No,No,70.15,70.15,Yes
9985-MWVIX,Female,0,1,Month-to-month,Mailed check,Fiber optic,No,No,70.15,70.15,Yes
7394-LWLYN,Female,0,2,Month-to-month,Electronic check,Fiber optic,No,No,70.15,123.8,No
6077-BDPXA,Female,0,3,Month-to-month,Electronic check,Fiber optic,No,No,70.15,194.2,No
9408-SSNVZ,Female,0,4,Month-to-month,Electronic check,Fiber optic,No,No,70.15,268.35,Yes
9272-LSVYH,Male,0,10,Month-to-month,Mailed check,Fiber optic,No,No,70.15,735.5,No
2262-SLNVK,Female,0,1,Month-to-month,Electronic check,Fiber optic,No,No,70.1,70.1,No
4702-IOQDC,Female,0,1,Month-to-month,Electronic check,Fiber optic,No,No,70.1,70.1,Yes
0328-GRPMV,Female,0,1,Month-to-month,Electronic check,Fiber optic,No,No,70.1,70.1,Yes
5119-NZPTV,Male,1,2,Month-to-month,Electronic check,Fiber optic,No,No,70.1,141.65,No
5931-FLJJF,Male,1,7,Month-to-month,Mailed check,Fiber optic,No,No,70.1,467.55,Yes
9540-JYROE,Male,0,8,Month-to-month,Mailed check,Fiber optic,No,No,70.1,551.35,Yes
6379-RXJRQ,Male,0,10,Month-to-month,Electronic check,Fiber optic,No,No,70.1,659.65,Yes
3494-JCHRQ,Male,0,1,Month-to-month,Electronic check,Fiber optic,No,No,70.05,70.05,Yes
9603-OAIHC,Male,1,1,Month-to-month,Electronic check,Fiber optic,No,No,70.05,70.05,No
2608-BHKFN,Female,0,4,Month-to-month,Credit card (automatic),Fiber optic,No,No,70.05,266.9,Yes
6705-LXORM,Female,1,5,Month-to-month,Electronic check,Fiber optic,No,No,70.05,302.6,No
6715-OFDBP,Male,0,5,Month-to-month,Electronic check,DSL,No,No,70.05,346.4,Yes
1304-BCCFO,Male,0,9,Month-to-month,Mailed check,DSL,No,No,70.05,564.4,No
5895-QSXOD,Male,0,9,Month-to-month,Mailed check,Fiber optic,No,No,70.05,657.5,No
